time,PriceUSD,volume_reported_spot_usd_1d
2019-01-16,0.4895,657721.721745
2019-01-17,0.4756,671416.5764600001
2019-01-18,0.4894,481773.96854599996
2019-01-19,0.4831,355292.60991999996
2019-01-20,0.4834,327503.287304
2019-01-21,0.4972,446380.11404799996
2019-01-22,0.5344,953879.1503999999
2019-01-23,0.5046,921939.214194
2019-01-24,0.5017,767209.4382010001
2019-01-25,0.4739,527388.657012
2019-01-26,0.4661,403481.27812900004
2019-01-27,0.4303,980619.125395
2019-01-28,0.4116,1648956.79746
2019-01-29,0.4505,2338466.829185
2019-01-30,0.4249,889047.8387910001
2019-01-31,0.3832,777525.679352
2019-02-01,0.4147,787611.742632
2019-02-02,0.4136,339579.44732800004
2019-02-03,0.3963,422127.092928
2019-02-04,0.3943,571492.489728
2019-02-05,0.4224,548742.809472
2019-02-06,0.4,547418.484
2019-02-07,0.4021,200584.512956
2019-02-08,0.4383,883599.4669140001
2019-02-09,0.4612,638677.1161399999
2019-02-10,0.4499,900182.662445
2019-02-11,0.4289,677746.660571
2019-02-12,0.4277,402595.541166
2019-02-13,0.4411,412594.962318
2019-02-14,0.4259,401220.560096
2019-02-15,0.4342,265839.73156
2019-02-16,0.4398,204723.196884
2019-02-17,0.4604,744241.0750879999
2019-02-18,0.471,673650.00138
2019-02-19,0.4598,711771.5219119999
2019-02-20,0.4618,627487.504104
2019-02-21,0.4438,640498.808124
2019-02-22,0.4479,313764.59658300004
2019-02-23,0.4585,424355.33994000003
2019-02-24,0.405,872448.2662500001
2019-02-25,0.4723,843223.737983
2019-02-26,0.4341,770756.1274469999
2019-02-27,0.4274,365090.40112999995
2019-02-28,0.4244,449850.47437199997
2019-03-01,0.4285,240256.01208500002
2019-03-02,0.4221,139955.697
2019-03-03,0.4205,94793.29397500001
2019-03-04,0.4036,381959.851884
2019-03-05,0.4291,723539.7950899999
2019-03-06,0.4296,307734.57324
2019-03-07,0.4521,677591.2179630001
2019-03-08,0.4611,1497782.290713
2019-03-09,0.4746,655748.379678
2019-03-10,0.4981,1438508.745466
2019-03-11,0.4629,1218840.793809
2019-03-12,0.4876,1026487.0698919999
2019-03-13,0.4805,607042.8847399999
2019-03-14,0.4871,838197.97804
2019-03-15,0.4858,280740.448548
2019-03-16,0.4819,852247.142369
2019-03-17,0.4785,646992.640305
2019-03-18,0.4757,424241.671013
2019-03-19,0.477,253160.39942999996
2019-03-20,0.4807,334637.516796
2019-03-21,0.4548,474807.47064
2019-03-22,0.4646,401218.027518
2019-03-23,0.4608,187430.24332799998
2019-03-24,0.4531,287344.126125
2019-03-25,0.4734,1155814.616466
2019-03-26,0.4605,520237.0731
2019-03-27,0.4946,669063.393764
2019-03-28,0.4992,720783.313536
2019-03-29,0.5008,439604.203136
2019-03-30,0.494,333453.52222
2019-03-31,0.5084,1040701.576972
2019-04-01,0.554,1267897.67384
2019-04-02,0.5811,2372020.470924
2019-04-03,0.562,2492746.62202
2019-04-04,0.5396,1126704.074512
2019-04-05,0.5729,595442.858772
2019-04-06,0.5691,669346.953618
2019-04-07,0.5773,552273.675528
2019-04-08,0.5634,878455.39275
2019-04-09,0.53,680759.1625
2019-04-10,0.5197,654675.143174
2019-04-11,0.4821,912012.8051669999
2019-04-12,0.492,613915.05636
2019-04-13,0.5358,527626.8692940001
2019-04-14,0.5225,431067.24952499993
2019-04-15,0.4883,789962.310927
2019-04-16,0.4985,374993.77856500004
2019-04-17,0.4998,312844.622076
2019-04-18,0.5193,388434.317607
2019-04-19,0.5095,436684.7056
2019-04-20,0.5118,280443.20522400003
2019-04-21,0.4963,375022.618285
2019-04-22,0.4957,331786.73228999996
2019-04-23,0.4756,379856.483644
2019-04-24,0.475,637054.6337499999
2019-04-25,0.4503,580863.841071
2019-04-26,0.4416,389466.439488
2019-04-27,0.443,146397.17781
2019-04-28,0.451,193638.61792
2019-04-29,0.4338,171326.85035400002
2019-04-30,0.4727,288417.33776
2019-05-01,0.473,188006.58789
2019-05-02,0.463,105689.1952
2019-05-03,0.511,519806.46158
2019-05-04,0.4964,318184.48738400004
2019-05-05,0.5058,324609.451056
2019-05-06,0.5745,915621.45099
2019-05-07,0.5435,1232480.9820499998
2019-05-08,0.594,745841.1965399999
2019-05-09,0.6403,2271802.411639
2019-05-10,0.6703,2002628.960507
2019-05-11,0.6752,2035275.5417280002
2019-05-12,0.6586,1159662.932688
2019-05-13,0.6474,829879.2067799999
2019-05-14,0.828,6550319.64996
2019-05-15,0.8427,3200849.016828
2019-05-16,0.928,4227533.872320001
2019-05-17,0.8911,5102122.8743590005
2019-05-18,0.9359,2236210.484536
2019-05-19,0.9934,4754020.622908
2019-05-20,1.117,3280033.9740999998
2019-05-21,1.1798,5954443.75716
2019-05-22,1.2205,18089466.328344997
2019-05-23,1.3392,9206488.947888
2019-05-24,1.3314,6787397.382569999
2019-05-25,1.113,6951205.3275
2019-05-26,1.0828,5256566.575528
2019-05-27,1.2119,8894365.912232
2019-05-28,1.2788,7136002.062704
2019-05-29,1.1725,5457276.226325001
2019-05-30,1.0023,10350424.277739
2019-05-31,1.0189,7895001.456630999
2019-06-01,0.956,3630796.01368
2019-06-02,1.0155,3502572.0377100003
2019-06-03,0.9,2977645.7970000003
2019-06-04,0.885,4051017.4965000004
2019-06-05,1.096,11107525.28256
2019-06-06,1.1098,12350115.569233999
2019-06-07,1.1753,7451539.27504
2019-06-08,1.1326,2873492.753292
2019-06-09,1.0595,3755908.3548350004
2019-06-10,1.206,4294565.9397
2019-06-11,1.1243,3454070.4012770006
2019-06-12,1.1448,2921959.747152
2019-06-13,1.868,63601735.84328
2019-06-14,1.6395,54463572.679065
2019-06-15,1.7179,18441036.698859002
2019-06-16,1.6621,13774108.830515
2019-06-17,1.9631,33503202.039143004
2019-06-18,1.8194,25296344.002556
2019-06-19,1.8353,8915508.282079
2019-06-20,1.7656,9493680.6368
2019-06-21,1.6883,11717543.011753
2019-06-22,1.8428,15567464.939511998
2019-06-23,1.8169,8363855.848920999
2019-06-24,1.8689,4456369.286797999
2019-06-25,2.1928,48251727.183664
2019-06-26,2.28,37197885.428399995
2019-06-27,2.2879,32104790.305275
2019-06-28,3.0392,49216644.451808006
2019-06-29,3.7125,206127593.991
2019-06-30,3.3885,85383635.18787001
2019-07-01,3.6369,92081786.38770598
2019-07-02,3.7453,99978106.921355
2019-07-03,3.49,38776060.9033
2019-07-04,3.453,34117148.09775
2019-07-05,3.64,38350406.1304
2019-07-06,3.4603,17229518.874003
2019-07-07,3.275,18188271.608
2019-07-08,3.3362,17627884.187354
2019-07-09,3.067,28110929.397050004
2019-07-10,3.1166,29813679.148268003
2019-07-11,2.7853,20338802.285144
2019-07-12,3.166,37145636.25936
2019-07-13,3.1652,28708352.731888
2019-07-14,2.7856,23039253.909632
2019-07-15,2.6913,19724420.440059
2019-07-16,2.1948,17665977.968363997
2019-07-17,2.398,31723299.52462
2019-07-18,2.67,35748304.2333
2019-07-19,2.6046,14450925.379752
2019-07-20,2.637,12150895.86162
2019-07-21,2.5319,8480427.488456
2019-07-22,2.4078,8232441.20043
2019-07-23,2.3535,13345672.374
2019-07-24,2.3999,12774721.649752002
2019-07-25,2.3615,9516214.054429999
2019-07-26,2.3989,4748065.597387
2019-07-27,2.2453,9647992.848216
2019-07-28,2.2156,4256834.628536
2019-07-29,2.1251,4735058.714557
2019-07-30,2.0682,9965365.842978
2019-07-31,2.2102,10149288.195806
2019-08-01,2.161,6246459.85735
2019-08-02,2.4271,15353341.922970999
2019-08-03,2.4211,27430249.534611
2019-08-04,2.5099,15706059.270056002
2019-08-05,2.4562,13266399.513006
2019-08-06,2.4785,15021791.221235
2019-08-07,2.3826,8087844.58482
2019-08-08,2.2755,6517518.957
2019-08-09,2.1669,5133366.16452
2019-08-10,2.3336,12280524.354784
2019-08-11,2.415,8957434.7205
2019-08-12,2.39,6153463.9051
2019-08-13,2.4229,7638833.615858999
2019-08-14,2.2842,15853777.246782
2019-08-15,2.4232,6805176.006408
2019-08-16,2.3,8216723.021
2019-08-17,2.4036,4892322.027803999
2019-08-18,2.5051,9044832.418791002
2019-08-19,2.4958,10703788.199614
2019-08-20,2.3624,8214988.096792
2019-08-21,2.2054,10922676.97137
2019-08-22,2.2227,6626174.8546980005
2019-08-23,2.2333,9319853.127305
2019-08-24,2.1681,3542993.67708
2019-08-25,2.078,5761614.47322
2019-08-26,2.0739,4751957.991849001
2019-08-27,2.1128,6357559.123936
2019-08-28,1.8957,6098895.195501
2019-08-29,1.7744,7472135.348192
2019-08-30,1.796,4778297.6916000005
2019-08-31,1.7791,3259256.3325559995
2019-09-01,1.7686,2357016.1912479997
2019-09-02,1.8287,5567271.768703
2019-09-03,1.849,5932986.86711
2019-09-04,1.7784,6365594.503008001
2019-09-05,1.7921,4917909.368153
2019-09-06,1.7226,5484841.756614
2019-09-07,1.7672,4248670.395056
2019-09-08,1.8275,6404869.40375
2019-09-09,1.7872,6225159.241152
2019-09-10,1.7998,4883521.058252
2019-09-11,1.7301,3857650.786506
2019-09-12,1.7073,3805689.367116
2019-09-13,1.5759,10462555.089765
2019-09-14,1.5634,8941345.359485999
2019-09-15,1.6104,6520675.100808
2019-09-16,1.5806,5610501.837948
2019-09-17,1.624,8759833.08536
2019-09-18,1.801,14893927.32373
2019-09-19,1.8744,16101260.047488
2019-09-20,1.8245,6392119.76738
2019-09-21,1.8855,5229975.69018
2019-09-22,1.8157,4197623.593805
2019-09-23,1.8048,4819179.053568
2019-09-24,1.716,28306194.15624
2019-09-25,1.7443,15542443.652384002
2019-09-26,1.6512,11476179.750912
2019-09-27,1.659,7195147.800539999
2019-09-28,1.6742,3982535.3778979997
2019-09-29,1.7002,5623296.005414
2019-09-30,1.7677,6316965.802191
2019-10-01,1.8286,7468216.4193440005
2019-10-02,2.011,11644790.70074
2019-10-03,1.9442,13635413.843166001
2019-10-04,1.9663,6728949.182542999
2019-10-05,1.9624,4383334.7764800005
2019-10-06,2.1669,21188378.676354002
2019-10-07,2.3963,30662534.012121
2019-10-08,2.5765,41472526.84538499
2019-10-09,2.8011,61042647.046487994
2019-10-10,2.6279,40317113.29569
2019-10-11,2.7481,31376985.519631
2019-10-12,2.5975,16058761.947225
2019-10-13,2.486,13757681.065480001
2019-10-14,2.5324,14772941.227512
2019-10-15,2.3974,14950456.634928001
2019-10-16,2.3717,28139758.137085002
2019-10-17,2.4124,25488522.700004
2019-10-18,2.3546,17105788.214088
2019-10-19,2.3521,10616749.789872002
2019-10-20,2.4444,10978619.933988
2019-10-21,2.6223,29730779.540778
2019-10-22,2.6074,29227730.555772
2019-10-23,2.6055,36741587.925735004
2019-10-24,2.72,26524236.590400003
2019-10-25,2.8374,39736402.26367801
2019-10-26,2.7348,36493412.108532
2019-10-27,2.6646,15918859.075536001
2019-10-28,2.6611,20860753.469646998
2019-10-29,2.662,9474687.962299999
2019-10-30,2.6093,10373225.078228
2019-10-31,2.7219,11260034.991195
2019-11-01,2.7091,10258856.236122
2019-11-02,2.6973,5248145.9696309995
2019-11-03,2.6605,4461006.278425
2019-11-04,2.6746,6194335.460204001
2019-11-05,2.6746,5309674.039058
2019-11-06,2.7448,8712677.639624
2019-11-07,2.6757,9361925.843589
2019-11-08,2.71,7948103.9057
2019-11-09,2.8009,13043772.926096002
2019-11-10,2.777,7274490.572160001
2019-11-11,2.744,5876999.73
2019-11-12,2.8152,9064192.341599999
2019-11-13,3.02,19753870.615199998
2019-11-14,3.039,20039975.16414
2019-11-15,3.0389,17171908.097096
2019-11-16,2.9894,5898516.135508
2019-11-17,2.91,4768005.5508
2019-11-18,2.7885,9746771.37291
2019-11-19,2.7255,12370062.447839998
2019-11-20,2.6982,9683209.36557
2019-11-21,2.5456,11624710.002096
2019-11-22,2.3466,25328565.269244
2019-11-23,2.4266,11748668.103392001
2019-11-24,2.2216,9977690.641928
2019-11-25,2.2523,18400044.104197
2019-11-26,2.2424,16910422.579007998
2019-11-27,2.2242,17521385.766984
2019-11-28,2.2702,10839115.145086
2019-11-29,2.3403,9679340.873463
2019-11-30,2.2373,6536909.80423
2019-12-01,2.1638,7611130.645834001
2019-12-02,2.0911,7645017.624167
2019-12-03,2.1222,8020089.910565999
2019-12-04,2.029,13385320.52759
2019-12-05,2.0068,10766321.435932001
2019-12-06,2.0943,8083426.88439
2019-12-07,2.044,4916641.32008
2019-12-08,2.0528,4148146.291744
2019-12-09,2.0984,5828828.606519999
2019-12-10,2.2657,24502501.352155
2019-12-11,2.1786,10488258.994847998
2019-12-12,2.1056,10075275.533568
2019-12-13,2.0709,4067197.981236
2019-12-14,1.9946,3496502.2653739997
2019-12-15,2.0708,5334555.244192001
2019-12-16,1.9751,5075184.509107
2019-12-17,1.7598,12997609.432668
2019-12-18,1.8703,16079938.495193
2019-12-19,1.805,9106951.6569
2019-12-20,1.9182,6302206.546715999
2019-12-21,1.8575,4172331.2114
2019-12-22,1.9181,5677041.080272
2019-12-23,1.8629,5277470.438604
2019-12-24,1.8435,4202902.44264
2019-12-25,1.7826,2816681.62524
2019-12-26,1.8539,4957801.993365
2019-12-27,1.8751,4532928.487043
2019-12-28,1.8746,2379551.06662
2019-12-29,1.8976,2678304.99408
2019-12-30,1.8243,2004975.005157
2019-12-31,1.7673,2894217.572544
2020-01-01,1.8111,2098609.082352
2020-01-02,1.7366,2471168.410814
2020-01-03,1.804,3228463.63796
2020-01-04,1.8242,2264421.0700020003
2020-01-05,1.7957,2737935.03518
2020-01-06,1.9374,6395864.3400840005
2020-01-07,2.1033,14457039.680186998
2020-01-08,2.1892,26593660.99364
2020-01-09,2.1886,11161520.701342
2020-01-10,2.2257,9427010.284970999
2020-01-11,2.2734,9882708.643404
2020-01-12,2.2383,5601623.814009001
2020-01-13,2.1901,4330561.887223001
2020-01-14,2.3751,16773686.400744002
2020-01-15,2.3953,15364567.679158002
2020-01-16,2.4925,12324675.76685
2020-01-17,2.7006,33006493.11666
2020-01-18,2.7709,12476880.701945
2020-01-19,2.6212,17433299.185336
2020-01-20,2.688,11135549.45664
2020-01-21,2.6716,8668417.866844
2020-01-22,2.6426,4326477.985851999
2020-01-23,2.4698,11871842.568058
2020-01-24,2.5024,10414117.889728
2020-01-25,2.4468,4604709.896328
2020-01-26,2.5764,4990065.481308
2020-01-27,2.6055,8926671.372075
2020-01-28,2.6558,8269067.461886
2020-01-29,2.7773,14635448.158755999
2020-01-30,2.9156,16854354.758311998
2020-01-31,2.8259,11050487.556339
2020-02-01,2.8378,7768596.034906
2020-02-02,2.8267,9732016.004053
2020-02-03,2.771,8608828.801059999
2020-02-04,2.7395,12312452.330655
2020-02-05,2.839,12115969.695579998
2020-02-06,2.89,12667449.329400001
2020-02-07,3.3072,49079389.520928
2020-02-08,3.4171,34375207.775405005
2020-02-09,3.4945,21494758.81942
2020-02-10,3.3862,22885207.22397
2020-02-11,3.9931,47039141.548117004
2020-02-12,3.9953,54628325.447643
2020-02-13,3.8765,31913655.641685
2020-02-14,4.426,45894720.7487
2020-02-15,4.3241,67494782.029246
2020-02-16,4.4566,98808881.594454
2020-02-17,4.3108,83384417.6113
2020-02-18,4.5523,54314431.668611
2020-02-19,4.3873,44354552.153904
2020-02-20,4.2644,48950026.915860005
2020-02-21,4.2778,33067737.07956
2020-02-22,4.1066,27581790.078532
2020-02-23,4.2365,23946046.22376
2020-02-24,3.9148,33633166.706836
2020-02-25,3.4905,43263112.27056
2020-02-26,3.5648,79309811.38784
2020-02-27,3.9579,76201189.65544501
2020-02-28,4.1609,76051832.55457999
2020-02-29,4.0579,50773017.20737401
2020-03-01,3.859,56914550.52713
2020-03-02,4.2423,53691210.81091501
2020-03-03,4.5846,78806170.22580001
2020-03-04,4.6406,86423283.706106
2020-03-05,4.7151,55956209.157107994
2020-03-06,4.6814,35895126.655581996
2020-03-07,4.3412,35639111.137219995
2020-03-08,4.0537,74282703.671862
2020-03-09,4.1231,119799327.920412
2020-03-10,4.0839,73801478.409201
2020-03-11,3.8169,74786397.935364
2020-03-12,1.9931,144851783.619427
2020-03-13,2.4333,179174441.9553
2020-03-14,2.1379,46273134.282082
2020-03-15,2.0884,50239775.2466
2020-03-16,1.7832,84122809.988664
2020-03-17,1.8641,61215326.567388006
2020-03-18,1.9483,43473341.97869
2020-03-19,2.2398,74829438.64513199
2020-03-20,2.26,89022889.04619999
2020-03-21,2.2787,44408611.728053
2020-03-22,1.9898,43047396.256762005
2020-03-23,2.2468,53224111.235648
2020-03-24,2.3104,42511409.257728
2020-03-25,2.257,25551642.1251
2020-03-26,2.3132,15773252.115572002
2020-03-27,2.1373,17422331.75276
2020-03-28,2.1364,23581946.708460003
2020-03-29,2.0083,13815705.901872002
2020-03-30,2.135,18048963.1315
2020-03-31,2.2658,19513989.356194
2020-04-01,2.2753,30565466.280249003
2020-04-02,2.2941,30435066.247599
2020-04-03,2.3013,19451023.581284996
2020-04-04,2.3155,14224564.039840002
2020-04-05,2.2635,7308070.1671050005
2020-04-06,2.5555,31235686.907455
2020-04-07,2.7303,83137037.09160301
2020-04-08,3.1693,85865823.475532
2020-04-09,3.3099,122505613.86683398
2020-04-10,3.22,140461199.73200002
2020-04-11,3.29,100303647.3978
2020-04-12,3.4189,111419444.22833098
2020-04-13,3.3702,99382966.646496
2020-04-14,3.252,55540345.43652
2020-04-15,3.1212,48802687.150932
2020-04-16,3.4851,86493078.146415
2020-04-17,3.4523,43806477.258598
2020-04-18,3.7805,62025980.06121
2020-04-19,3.5902,58701550.811004
2020-04-20,3.4322,70586923.149282
2020-04-21,3.4577,48019273.499457
2020-04-22,3.6786,43971710.363052
2020-04-23,3.7533,53421474.777087
2020-04-24,3.7735,30004478.733094998
2020-04-25,3.7865,23078980.20737
2020-04-26,3.721,30685814.90173
2020-04-27,3.6383,41374492.409638
2020-04-28,3.6413,26870307.829599004
2020-04-29,3.8879,58805589.875166
2020-04-30,3.7025,50150866.11405
2020-05-01,3.7571,30373630.081356
2020-05-02,3.8182,17056792.896982
2020-05-03,3.7092,20662932.391068
2020-05-04,3.7499,41150361.140273
2020-05-05,3.6833,17423867.519514002
2020-05-06,3.5872,19011451.850848
2020-05-07,3.756,31855656.09204
2020-05-08,3.801,28065536.748480003
2020-05-09,4.015,61191497.34445
2020-05-10,3.7582,74481468.525086
2020-05-11,3.5837,47569580.89199399
2020-05-12,3.6943,28806254.118349
2020-05-13,3.7655,22553421.35667
2020-05-14,3.8096,27938295.173776
2020-05-15,3.6615,20403939.021735
2020-05-16,3.7614,15216293.084280001
2020-05-17,3.7815,13752944.38359
2020-05-18,3.8895,22344876.880544998
2020-05-19,3.947,14887611.46516
2020-05-20,4.0866,40135727.072826
2020-05-21,3.8298,40006174.519428
2020-05-22,4.0611,29219390.692778997
2020-05-23,3.925,23029376.49975
2020-05-24,3.7917,23647494.505734
2020-05-25,3.8614,17160048.123714
2020-05-26,3.844,14508027.99052
2020-05-27,3.8526,14622083.915976
2020-05-28,4.0461,17164990.906599
2020-05-29,3.98,20868298.6576
2020-05-30,4.1763,19770847.845342003
2020-05-31,4.131,25709104.956690002
2020-06-01,4.3785,38107948.420395
2020-06-02,4.3976,35983190.713479996
2020-06-03,4.4892,18925680.512592
2020-06-04,4.4243,14298908.398657
2020-06-05,4.358,10093432.58062
2020-06-06,4.3512,5992299.723312001
2020-06-07,4.3465,9330417.09369
2020-06-08,4.473,9112231.03833
2020-06-09,4.435,10184153.743099999
2020-06-10,4.4225,9890823.33585
2020-06-11,3.9565,26154298.20471
2020-06-12,4.0819,19746316.727606002
2020-06-13,4.11,6595155.6414
2020-06-14,3.9371,6733281.019656001
2020-06-15,3.9274,26903892.216414
2020-06-16,4.0502,14676951.577442002
2020-06-17,4.1659,17918706.434582002
2020-06-18,4.1415,13867332.66732
2020-06-19,4.098,9935136.696600001
2020-06-20,4.1765,10084988.78643
2020-06-21,4.1812,5589676.9414
2020-06-22,4.4841,20894152.941104997
2020-06-23,4.8051,52300720.679778
2020-06-24,4.7075,48267213.023575
2020-06-25,4.8134,33842255.60481
2020-06-26,4.6813,25899149.517163
2020-06-27,4.4058,27164105.511690002
2020-06-28,4.5668,21701121.870232
2020-06-29,4.6187,22122017.976083998
2020-06-30,4.5626,13724490.649786
2020-07-01,4.7067,19282028.72931
2020-07-02,4.7996,36661203.92506
2020-07-03,4.7309,21868004.957806
2020-07-04,4.82,13902206.560400002
2020-07-05,4.7439,17319857.361282
2020-07-06,5.3617,64517062.492449
2020-07-07,5.7248,78922274.791392
2020-07-08,6.4987,109288058.150973
2020-07-09,6.082,78795653.76196
2020-07-10,6.1488,61161704.704799995
2020-07-11,6.0994,33197315.511067998
2020-07-12,7.3345,138983777.41839
2020-07-13,7.163,220173077.52648002
2020-07-14,8.1321,204549804.83216098
2020-07-15,8.6494,177476028.52306798
2020-07-16,8.354,172976685.85366
2020-07-17,8.2605,72097072.621215
2020-07-18,7.9734,91029380.36619
2020-07-19,8.0784,55710369.603504
2020-07-20,7.2301,79847208.431217
2020-07-21,7.3101,79951684.119027
2020-07-22,7.4689,71698087.509546
2020-07-23,7.8983,86226238.219002
2020-07-24,7.4284,54336679.939108
2020-07-25,7.672,57595045.8328
2020-07-26,7.5022,79805855.25270401
2020-07-27,7.1,118436621.814
2020-07-28,7.2333,61488307.379439
2020-07-29,7.0876,50030757.378004
2020-07-30,7.4093,56854778.018571
2020-07-31,7.8033,57896227.427058
2020-08-01,8.3248,77795892.01472001
2020-08-02,8.2814,187553953.39527598
2020-08-03,9.2502,118536918.969996
2020-08-04,9.8687,182432101.04241902
2020-08-05,9.5253,92224800.160881
2020-08-06,10.2343,92533961.77418
2020-08-07,10.1286,118889472.565332
2020-08-08,12.7093,364520363.36456305
2020-08-09,13.8104,392975480.54908794
2020-08-10,13.4722,241321500.83770403
2020-08-11,12.9971,227639299.054982
2020-08-12,16.4635,380582582.838255
2020-08-13,17.1883,531835118.29266804
2020-08-14,16.9574,192502457.49327
2020-08-15,19.2285,344980672.284285
2020-08-16,18.8061,202313097.38277903
2020-08-17,16.8196,227777242.919884
2020-08-18,16.1927,438628792.890352
2020-08-19,16.1863,297859435.535415
2020-08-20,16.0483,177769613.949627
2020-08-21,13.8325,362153822.657
2020-08-22,15.8078,264209090.062726
2020-08-23,15.1428,163027521.236628
2020-08-24,15.1419,128112920.6418
2020-08-25,14.1164,180876990.53280002
2020-08-26,15.2,173541205.464
2020-08-27,14.5234,169857278.80374
2020-08-28,15.1207,109834617.81180699
2020-08-29,16.3612,204138328.854136
2020-08-30,16.4788,198861106.988648
2020-08-31,15.5772,149789783.049444
2020-09-01,16.0333,148255140.602947
2020-09-02,14.7982,154377361.475156
2020-09-03,11.8895,207613544.56573498
2020-09-04,12.3708,230708983.596468
2020-09-05,10.6017,270662968.779396
2020-09-06,12.8044,280421847.837796
2020-09-07,12.47,264801014.2675
2020-09-08,11.746,174218196.74826002
2020-09-09,12.3444,131465285.328492
2020-09-10,12.4957,188351372.70637098
2020-09-11,12.4406,93290381.909496
2020-09-12,12.7187,79756213.465515
2020-09-13,12.067,134029369.42516
2020-09-14,12.1374,107184653.097984
2020-09-15,10.9314,124766994.662982
2020-09-16,10.7367,111258464.09043601
2020-09-17,11.0139,111934777.40579401
2020-09-18,10.094,89737740.07057999
2020-09-19,10.1209,56644684.292372
2020-09-20,9.7357,73019167.615277
2020-09-21,8.7114,137303998.03568998
2020-09-22,8.7401,73277980.525037
2020-09-23,7.6364,139149224.76492798
2020-09-24,9.87,265978204.07969996
2020-09-25,10.7279,216919662.112753
2020-09-26,10.3169,124012046.54044801
2020-09-27,10.7939,108512250.10486902
2020-09-28,10.283,89785936.55486
2020-09-29,10.135,135587862.30664998
2020-09-30,9.8694,65786161.32673201
2020-10-01,9.6394,93540968.174448
2020-10-02,9.2167,103048463.48815599
2020-10-03,9.269,44539320.198879994
2020-10-04,9.3922,43820498.99781801
2020-10-05,9.6176,59796145.685392
2020-10-06,8.7689,65106650.182518005
2020-10-07,8.9799,67738142.34970202
2020-10-08,9.5594,104322777.329202
2020-10-09,10.3959,117225701.27545498
2020-10-10,10.5198,99980673.315006
2020-10-11,10.8515,88709676.24629
2020-10-12,11.4259,135765302.81207302
2020-10-13,11.0016,106662994.51104
2020-10-14,10.8896,84486380.204256
2020-10-15,10.7483,75059202.715208
2020-10-16,10.5877,70542317.913622
2020-10-17,10.6267,35303746.977134995
2020-10-18,10.9409,40258397.565146
2020-10-19,10.9147,48841637.76385699
2020-10-20,9.8589,69955861.700151
2020-10-21,10.7863,89274294.203346
2020-10-22,11.9539,123222910.226577
2020-10-23,12.1586,106873707.478106
2020-10-24,12.7001,95735811.01534802
2020-10-25,12.1481,85048143.02427599
2020-10-26,11.7096,103725601.905072
2020-10-27,11.9224,90866591.74885601
2020-10-28,11.4403,91754640.950075
2020-10-29,11.2772,96327419.831896
2020-10-30,11.09,88279171.9455
2020-10-31,11.2277,55819040.721994
2020-11-01,11.5722,44815427.380278006
2020-11-02,10.7814,74660232.113166
2020-11-03,10.3911,103540036.275246
2020-11-04,10.4713,89918864.94903898
2020-11-05,10.9794,116762869.80103199
2020-11-06,12.1687,133506321.168751
2020-11-07,11.7638,293250135.177248
2020-11-08,12.71,164588456.0137
2020-11-09,12.5107,158389956.218761
2020-11-10,13.0017,160648363.566105
2020-11-11,12.753,120089248.37676
2020-11-12,12.4038,110646119.86601399
2020-11-13,12.8687,101568140.164894
2020-11-14,12.5574,62917522.996914
2020-11-15,12.1192,69277555.471008
2020-11-16,12.6223,75516739.10337399
2020-11-17,13.3944,149357787.29412
2020-11-18,13.5598,251093971.69966602
2020-11-19,13.6187,133540658.749149
2020-11-20,14.0933,157888603.708641
2020-11-21,15.4511,216365964.80632702
2020-11-22,14.5098,206677624.86273602
2020-11-23,15.2746,190509904.51536998
2020-11-24,15.6703,245028194.17525098
2020-11-25,14.2016,135221444.72256
2020-11-26,12.603,309990140.81342995
2020-11-27,12.4989,114103763.485116
2020-11-28,13.0853,95342956.60014401
2020-11-29,13.38,87653564.66520001
2020-11-30,14.2677,146995850.196594
2020-12-01,13.3461,149294157.613029
2020-12-02,13.9799,86301111.23559201
2020-12-03,13.9749,59747139.841212
2020-12-04,12.68,73482666.96679999
2020-12-05,13.1748,45419717.8749
2020-12-06,13.5057,52284367.770063
2020-12-07,13.0704,42144172.142016
2020-12-08,12.1356,62816019.06222
2020-12-09,12.6212,85581823.367888
2020-12-10,11.9172,42539141.602823995
2020-12-11,11.6335,58321743.341424994
2020-12-12,12.2259,53726622.43249799
2020-12-13,12.9392,78111996.19262399
2020-12-14,12.8502,58201988.345424
2020-12-15,12.6818,40609794.640716
2020-12-16,13.4852,90354370.42536001
2020-12-17,13.444,155756688.89944002
2020-12-18,13.5001,74530232.11170399
2020-12-19,13.4747,62072597.890751004
2020-12-20,13.0604,68273202.08000799
2020-12-21,12.3049,70375905.28941199
2020-12-22,12.7842,78945506.276208
2020-12-23,10.9736,167412256.82913598
2020-12-24,11.5724,170940993.74016002
2020-12-25,11.5543,85345075.637173
2020-12-26,10.9809,99898897.19266799
2020-12-27,12.1541,230504217.432657
2020-12-28,12.6081,142332284.252385
2020-12-29,11.7786,151893661.514682
2020-12-30,11.2435,86809479.06597999
2020-12-31,11.2364,74611203.812516
2021-01-01,11.8477,98298307.414309
2021-01-02,12.2215,117549091.74016501
2021-01-03,13.6814,218055253.458188
2021-01-04,13.5935,316577170.201235
2021-01-05,14.5162,215454344.407846
2021-01-06,17.2322,368444549.59616196
2021-01-07,15.9628,269479015.910776
2021-01-08,15.2381,228364151.36377499
2021-01-09,17.5501,224974103.95742202
2021-01-10,16.206,267343142.94186
2021-01-11,14.6393,322009626.354247
2021-01-12,13.9655,166490329.575095
2021-01-13,15.9356,182746774.21719602
2021-01-14,17.9804,242460607.884252
2021-01-15,20.7375,801487279.0050001
2021-01-16,20.1054,560622459.675306
2021-01-17,23.2819,507419981.313542
2021-01-18,22.0336,303665819.945808
2021-01-19,20.5557,225473226.56199
2021-01-20,21.8482,272102549.179098
2021-01-21,18.4119,273547184.116947
2021-01-22,21.5519,367692183.53339005
2021-01-23,24.8046,471904579.87168205
2021-01-24,24.7935,295307511.770385
2021-01-25,23.3418,293674117.465194
2021-01-26,23.0981,207523599.122317
2021-01-27,20.9586,227142541.36392
2021-01-28,23.0145,257885974.746735
2021-01-29,22.748,264753757.92052
2021-01-30,23.6399,174777451.374752
2021-01-31,22.5613,172485896.452557
2021-02-01,22.8757,147478961.008037
2021-02-02,23.6582,153420381.47991398
2021-02-03,25.087,212395867.33964002
2021-02-04,24.492,211767312.8532
2021-02-05,26.3034,263042590.164372
2021-02-06,25.0231,176755293.871421
2021-02-07,24.7254,161068111.95342
2021-02-08,25.4115,178564159.30671
2021-02-09,27.6034,261483428.59108803
2021-02-10,26.8121,314267228.627394
2021-02-11,27.8475,185481590.38724998
2021-02-12,30.6265,298984951.39990497
2021-02-13,34.1941,377109316.58039796
2021-02-14,33.1565,313000489.31047004
2021-02-15,32.5899,353425627.544724
2021-02-16,31.9632,225755752.698672
2021-02-17,32.2324,183096863.11463198
2021-02-18,32.4801,177113679.98705998
2021-02-19,34.6846,291772080.08814406
2021-02-20,33.9387,342046059.81242996
2021-02-21,34.0915,176569534.57646003
2021-02-22,31.4542,419684154.388712
2021-02-23,25.9249,630848911.012087
2021-02-24,28.0851,321322688.189121
2021-02-25,24.7144,195871260.346008
2021-02-26,25.1862,230249630.35409397
2021-02-27,26.1896,199802832.749136
2021-02-28,24.7016,195465836.722464
2021-03-01,27.7116,340877779.227468
2021-03-02,28.4769,276695643.081357
2021-03-03,29.85,204885888.17249998
2021-03-04,27.6943,188576367.922947
2021-03-05,27.8343,162434591.003295
2021-03-06,28.1479,107218260.74842301
2021-03-07,28.5932,131507504.41746399
2021-03-08,31.8469,228708407.25523
2021-03-09,31.4914,164065321.650592
2021-03-10,29.9036,147026183.84812
2021-03-11,30.1166,152983649.90170997
2021-03-12,28.3553,136530799.55661798
2021-03-13,29.7384,169216524.76343998
2021-03-14,28.5469,89871973.758827
2021-03-15,27.5091,144913077.666939
2021-03-16,27.9099,105362299.265805
2021-03-17,31.0579,253764886.642228
2021-03-18,29.3949,146772542.33955
2021-03-19,29.777,106485172.07823001
2021-03-20,29.6465,99933825.368845
2021-03-21,29.2097,75624065.482537
2021-03-22,27.2431,97249902.47971499
2021-03-23,26.7813,99037015.473942
2021-03-24,24.8684,127579470.76980801
2021-03-25,25.535,131902811.05409999
2021-03-26,27.3927,115453396.295277
2021-03-27,26.8766,54662451.50396
2021-03-28,26.6588,58911265.38178
2021-03-29,28.0357,101808886.67819099
2021-03-30,27.8301,70201398.02839501
2021-03-31,29.4167,128096172.107972
2021-04-01,30.0684,163622952.78970802
2021-04-02,32.4864,147530427.245568
2021-04-03,29.293,156791751.51244
2021-04-04,30.7471,93370647.13242
2021-04-05,32.3791,165660001.98840302
2021-04-06,34.725,308826542.3415
2021-04-07,31.109,228790385.17348
2021-04-08,32.7884,116353941.86115201
2021-04-09,31.5893,99382900.560447
2021-04-10,31.8944,113161923.79795201
2021-04-11,33.8811,167717878.343268
2021-04-12,33.108,136207263.19283998
2021-04-13,35.5217,216718130.405824
2021-04-14,41.3641,580840802.504852
2021-04-15,42.5601,535869015.702174
2021-04-16,41.9861,405587630.069635
2021-04-17,39.9137,270121561.848151
2021-04-18,39.0799,633158806.341542
2021-04-19,35.7359,467466965.965047
2021-04-20,38.9954,474014417.63193196
2021-04-21,36.2274,289271651.46864605
2021-04-22,35.1306,492500585.38734
2021-04-23,35.2121,543045662.648104
2021-04-24,31.2443,207944939.23604298
2021-04-25,31.692,145481388.939156
2021-04-26,35.13,233976663.56607002
2021-04-27,36.788,200978085.44387597
2021-04-28,36.233,189102800.744849
2021-04-29,36.467,187750343.884082
2021-04-30,38.1,201751452.2748
2021-05-01,41.257,215682776.119797
2021-05-02,39.461,205514913.335825
2021-05-03,42.052,253560842.255692
2021-05-04,45.527,894044871.79217
2021-05-05,49.575,836518183.917075
2021-05-06,47.154,466589027.528106
2021-05-07,49.129,520733948.604319
2021-05-08,48.597,286838090.322408
2021-05-09,52.269,449585295.22546494
2021-05-10,46.334,530948887.16908
2021-05-11,48.826,367780907.443148
2021-05-12,41.622,345652833.76721996
2021-05-13,43.287,475235791.56204295
2021-05-14,46.567,293850296.569567
2021-05-15,41.492,409042258.383088
2021-05-16,40.67,399394679.67833
2021-05-17,37.177,396754460.263945
2021-05-18,42.566,478353804.615706
2021-05-19,26.227,789106697.4458281
2021-05-20,30.606,626641138.20582
2021-05-21,25.546,418812303.261698
2021-05-22,23.296,306956840.107008
2021-05-23,19.844,572270921.085468
2021-05-24,26.412,496050308.547408
2021-05-25,27.503,373883587.846454
2021-05-26,34.018,531568364.080234
2021-05-27,31.732,473723268.10705197
2021-05-28,27.878,510980183.50817
2021-05-29,25.365,300648239.46159
2021-05-30,26.818,310605784.649248
2021-05-31,32.098,370095510.158528
2021-06-01,30.719,262381667.921802
2021-06-02,30.67,205193704.79285002
2021-06-03,32.198,230333514.703662
2021-06-04,28.826,340560731.90507203
2021-06-05,27.129,218707785.052065
2021-06-06,27.532,112967118.892144
2021-06-07,24.584,186763585.47952
2021-06-08,24.076,301946216.60762
2021-06-09,25.585,275663703.17941004
2021-06-10,23.114,197129602.48854598
2021-06-11,21.478,165561898.182058
2021-06-12,21.67,192139096.96410003
2021-06-13,23.312,198589747.094496
2021-06-14,24.973,214803758.897403
2021-06-15,24.482,185846292.17302
2021-06-16,23.044,172943146.777408
2021-06-17,23.396,122884614.51461999
2021-06-18,21.233,148460839.056495
2021-06-19,20.246,102280461.118512
2021-06-20,21.646,146055448.507456
2021-06-21,17.365,283644909.48769
2021-06-22,16.85,333902170.75395006
2021-06-23,18.395,201527808.96793997
2021-06-24,19.06,131779492.24834
2021-06-25,16.87,169791868.92927
2021-06-26,16.952,142355367.6168
2021-06-27,18.406,122809047.507774
2021-06-28,18.83,145574153.38774
2021-06-29,19.535,154722523.32657
2021-06-30,19.516,144556213.52205598
2021-07-01,18.186,110591745.870774
2021-07-02,18.274,99673170.53728
2021-07-03,18.543,64120714.669998005
2021-07-04,19.242,90813488.796126
2021-07-05,18.362,97195329.4673
2021-07-06,20.073,167930142.74796602
2021-07-07,19.788,146081161.143612
2021-07-08,18.353,143348881.436894
2021-07-09,18.656,98405093.93510398
2021-07-10,18.204,74284938.721536
2021-07-11,18.383,50571605.00269099
2021-07-12,17.518,66353163.901776
2021-07-13,16.87,61654909.08066
2021-07-14,16.936,92323546.001968
2021-07-15,15.764,98443097.90154
2021-07-16,15.234,79425451.765002
2021-07-17,15.352,79485927.556144
2021-07-18,15.47,61055373.52187
2021-07-19,14.528,84693798.848512
2021-07-20,13.742,105820440.37015001
2021-07-21,15.297,129924294.99759302
2021-07-22,16.071,94252657.13414101
2021-07-23,16.502,85943628.23692
2021-07-24,16.683,90270576.003501
2021-07-25,16.746,78856586.079828
2021-07-26,18.028,256192981.568844
2021-07-27,19.489,162294912.881713
2021-07-28,19.109,145167066.12933502
2021-07-29,19.37,80614855.83112
2021-07-30,22.269,287193578.861358
2021-07-31,22.713,173460450.974682
2021-08-01,22.062,192571351.362894
2021-08-02,23.472,169588127.89728
2021-08-03,23.942,226622340.00926402
2021-08-04,24.193,199003411.927944
2021-08-05,24.057,171882007.75161898
2021-08-06,23.89,177591198.71325
2021-08-07,24.694,153552654.499652
2021-08-08,23.029,119276383.370785
2021-08-09,24.197,145058037.462362
2021-08-10,24.537,161750414.94482097
2021-08-11,25.906,203196117.071562
2021-08-12,24.944,159274644.27619198
2021-08-13,27.748,135849479.213588
2021-08-14,27.144,159334687.826496
2021-08-15,27.901,125345907.548236
2021-08-16,27.944,261672835.91125602
2021-08-17,26.146,258065298.374564
2021-08-18,25.341,213824510.73592204
2021-08-19,27.096,216193227.99672002
2021-08-20,28.678,194009443.30599
2021-08-21,27.844,143834571.195616
2021-08-22,27.982,119397636.96959199
2021-08-23,28.552,174348576.894072
2021-08-24,25.728,164507085.90144002
2021-08-25,26.612,154623122.26086
2021-08-26,24.39,141696406.36323002
2021-08-27,26.04,133241265.45072
2021-08-28,25.73,75637926.2612
2021-08-29,25.76,87197151.75024
2021-08-30,25.04,113045728.48079999
2021-08-31,26.7,204885154.9503
2021-09-01,29.72,245686141.8164
2021-09-02,29.95,212171402.59675002
2021-09-03,30.75,211156768.977
2021-09-04,29.88,126760888.82519999
2021-09-05,33.55,197676203.67384997
2021-09-06,34.81,360467062.42427003
2021-09-07,28.26,641966263.9558201
2021-09-08,27.16,371296623.7456
2021-09-09,28.01,290726108.884
2021-09-10,26.39,259533880.3239
2021-09-11,26.99,134782121.9301
2021-09-12,29.42,205666905.31960002
2021-09-13,26.96,364988061.9056
2021-09-14,30.8,315193814.012
2021-09-15,30.67,299716020.5143
2021-09-16,29.8,287860612.58
2021-09-17,27.72,197100027.1548
2021-09-18,28.39,129680315.2613
2021-09-19,27.36,106505431.7904
2021-09-20,23.57,289098186.05158
2021-09-21,21.42,241265760.2208
2021-09-22,24.45,190027758.447
2021-09-23,25.41,173130399.47049
2021-09-24,23.26,244940832.57800004
2021-09-25,24.51,171051341.1939
2021-09-26,24.6,295111795.224
2021-09-27,23.01,130558989.42840001
2021-09-28,22.1,138725637.115
2021-09-29,22.85,122304456.824
2021-09-30,24.0,134030380.32
2021-10-01,26.31,195359881.8948
2021-10-02,26.89,140784742.1665
2021-10-03,27.57,124253021.05889998
2021-10-04,26.6,147355912.536
2021-10-05,27.23,139417556.1597
2021-10-06,26.8,186963878.68400002
2021-10-07,26.83,161672940.2881
2021-10-08,26.39,131230561.88970001
2021-10-09,27.45,129870764.181
2021-10-10,25.56,100052129.68919998
2021-10-11,25.22,108275609.3926
2021-10-12,24.65,132393491.548
2021-10-13,25.66,159278962.0958
2021-10-14,26.72,207186034.8464
2021-10-15,27.01,206222097.36670002
2021-10-16,27.23,169456700.1708
2021-10-17,26.54,121820196.11559999
2021-10-18,25.71,113629680.4773
2021-10-19,25.91,92466880.4472
2021-10-20,27.49,123074110.27289999
2021-10-21,28.26,274664916.42480004
2021-10-22,28.67,220738372.79510003
2021-10-23,31.36,255344384.19840002
2021-10-24,29.7,170580142.755
2021-10-25,32.38,240921077.42040002
2021-10-26,32.52,213129225.43440002
2021-10-27,28.88,347180566.7976
2021-10-28,30.19,216962535.3183
2021-10-29,30.96,167266185.79680002
2021-10-30,29.79,112275431.20349999
2021-10-31,30.0,131413838.1
2021-11-01,31.66,157087692.693
2021-11-02,32.26,149506429.84759998
2021-11-03,31.96,156891434.1776
2021-11-04,31.0,117264403.08
2021-11-05,32.86,220017029.895
2021-11-06,32.05,143562164.97599998
2021-11-07,32.34,92320398.41640002
2021-11-08,34.46,215896893.254
2021-11-09,33.82,184466275.2776
2021-11-10,34.21,464739860.90125
2021-11-11,34.69,263955824.94099998
2021-11-12,34.26,205459350.6294
2021-11-13,34.0,114724863.80000001
2021-11-14,33.75,97831963.35
2021-11-15,32.04,134975093.5116
2021-11-16,29.16,299968981.8192
2021-11-17,29.18,148137787.06260002
2021-11-18,26.55,187493299.77150002
2021-11-19,28.27,141510013.5713
2021-11-20,28.36,128638528.13
2021-11-21,28.98,111215876.85180001
2021-11-22,26.77,127795348.5223
2021-11-23,26.94,125285933.38080001
2021-11-24,25.58,127106284.57499999
2021-11-25,26.41,149226513.6156
2021-11-26,23.96,256208841.50480002
2021-11-27,24.1,95829278.01900001
2021-11-28,24.76,112996974.0564
2021-11-29,24.99,118287634.0128
2021-11-30,25.31,146957483.8782
2021-12-01,25.32,117538934.41319999
2021-12-02,24.55,96009711.848
2021-12-03,23.31,133460952.78599998
2021-12-04,20.64,428940765.36864007
2021-12-05,19.48,145218522.40280002
2021-12-06,19.8,168566113.782
2021-12-07,21.09,157816803.43289998
2021-12-08,22.91,254640931.93610004
2021-12-09,20.25,166234968.36
2021-12-10,18.56,144167394.3168
2021-12-11,19.97,111224095.02729999
2021-12-12,20.41,65547492.2128
2021-12-13,17.78,124858479.13700001
2021-12-14,18.44,104726351.00800002
2021-12-15,19.69,138345071.49760002
2021-12-16,18.76,92747928.88200001
2021-12-17,18.25,99621354.935
2021-12-18,19.54,104783437.58399999
2021-12-19,18.86,92768114.6056
2021-12-20,18.78,94882937.688
2021-12-21,19.42,71219883.01240002
2021-12-22,19.93,100297593.26269999
2021-12-23,22.17,168046150.6584
2021-12-24,21.48,120138589.20120001
2021-12-25,22.1,71238007.20400001
2021-12-26,22.98,150890551.4406
2021-12-27,23.02,150159997.2868
2021-12-28,20.37,183797868.345
2021-12-29,19.74,137229359.106
2021-12-30,19.93,119765849.84089999
2021-12-31,19.51,108846605.86690001
2022-01-01,20.76,71818688.1288
2022-01-02,21.87,111729168.1908
2022-01-03,23.72,189353842.91439998
2022-01-04,23.42,252578967.25240004
2022-01-05,25.24,613063390.872
2022-01-06,25.38,433666706.9922
2022-01-07,25.98,572425800.1272
2022-01-08,25.32,395882075.7324
2022-01-09,27.54,513082500.1902
2022-01-10,27.98,518091882.08839995
2022-01-11,26.59,358918386.93230003
2022-01-12,26.75,276053645.0025
2022-01-13,24.86,196154988.2534
2022-01-14,25.72,166886687.834
2022-01-15,25.17,104241107.2257
2022-01-16,25.5,112606760.19
2022-01-17,23.79,106385961.4428
2022-01-18,22.96,112753427.7968
2022-01-19,21.55,122590977.9285
2022-01-20,20.17,113017999.66890001
2022-01-21,17.42,254701134.50340003
2022-01-22,15.85,300106039.00505
2022-01-23,16.64,158639755.9552
2022-01-24,15.58,229704991.96442
2022-01-25,15.49,119180254.0897
2022-01-26,15.23,149173996.81
2022-01-27,15.22,129922508.37340002
2022-01-28,16.15,100875500.47299999
2022-01-29,16.23,63629043.7272
2022-01-30,17.77,134935542.7057
2022-01-31,17.15,131976857.39699998
2022-02-01,16.98,100582126.90799999
2022-02-02,15.78,74813599.5228
2022-02-03,16.3,86833577.442
2022-02-04,17.5,102010113.80000001
2022-02-05,17.76,88924809.9984
2022-02-06,18.07,56278428.9899
2022-02-07,18.88,117866655.8464
2022-02-08,18.38,121373947.2562
2022-02-09,18.67,69872152.009
2022-02-10,17.5,101441179.7
2022-02-11,16.21,72434504.1435
2022-02-12,15.95,66381817.567999996
2022-02-13,15.6,41672221.967999995
2022-02-14,15.9,57854155.308000006
2022-02-15,17.34,71661876.33
2022-02-16,17.12,61784863.1104
2022-02-17,15.59,76819597.6297
2022-02-18,15.19,58571847.3858
2022-02-19,15.51,49938993.9279
2022-02-20,14.6,56030179.684
2022-02-21,13.51,99608912.6501
2022-02-22,13.99,81930205.2738
2022-02-23,13.35,68275756.281
2022-02-24,13.27,209125977.35
2022-02-25,14.36,86604214.25039999
2022-02-26,14.72,76092380.3904
2022-02-27,13.64,90525975.18800001
2022-02-28,15.13,99332632.23460001
2022-03-01,15.35,98505601.20349999
2022-03-02,15.28,96096620.8936
2022-03-03,14.89,68790748.6171
2022-03-04,13.73,82519821.37719999
2022-03-05,14.03,38933037.4455
2022-03-06,13.32,47094545.379599996
2022-03-07,12.68,92601607.7388
2022-03-08,13.08,89956687.08479999
2022-03-09,14.01,90542152.82429999
2022-03-10,13.17,72030444.4668
2022-03-11,13.05,60781419.1305
2022-03-12,13.15,32867908.731000002
2022-03-13,12.7,34702798.26
2022-03-14,13.41,62272281.177
2022-03-15,13.69,47286622.839499995
2022-03-16,14.66,95975958.1124
2022-03-17,14.4,59791306.752000004
2022-03-18,15.01,66360867.554299995
2022-03-19,15.01,49311696.46259999
2022-03-20,14.54,41932246.5268
2022-03-21,15.0,55793594.4
2022-03-22,15.43,69439328.7322
2022-03-23,15.83,60582645.3732
2022-03-24,16.17,84164671.80660002
2022-03-25,15.59,72559820.95130001
2022-03-26,15.83,38388241.0466
2022-03-27,16.87,66425267.862100005
2022-03-28,16.5,97656876.89999999
2022-03-29,16.98,76351888.49700001
2022-03-30,17.22,83804167.608
2022-03-31,16.91,97582319.53739999
2022-04-01,17.34,78410020.6656
2022-04-02,17.4,63233065.949999996
2022-04-03,18.08,62030626.6192
2022-04-04,17.5,66694938.275
2022-04-05,16.74,39122950.88159999
2022-04-06,15.41,71344425.6178
2022-04-07,15.75,45168822.72
2022-04-08,15.13,35119045.797800004
2022-04-09,15.43,21088611.496999998
2022-04-10,15.24,24556621.194000002
2022-04-11,13.76,54794008.6272
2022-04-12,13.98,37040410.2474
2022-04-13,14.19,31623962.987099998
2022-04-14,13.65,39657276.204
2022-04-15,14.11,25672436.3958
2022-04-16,14.14,21456828.4056
2022-04-17,13.73,36187964.661000006
2022-04-18,14.06,55397336.114800006
2022-04-19,14.24,32318760.958400004
2022-04-20,14.02,45695735.3784
2022-04-21,13.57,40478110.2763
2022-04-22,13.58,33387574.115
2022-04-23,13.31,20847471.101600002
2022-04-24,13.26,24000159.5028
2022-04-25,13.44,55888941.695999995
2022-04-26,12.37,40619557.2714
2022-04-27,12.74,40803512.877399996
2022-04-28,12.66,46441264.6644
2022-04-29,11.97,36514075.2669
2022-04-30,10.95,47482765.210499994
2022-05-01,11.31,45467375.9007
2022-05-02,11.17,43984633.4315
2022-05-03,11.12,42926322.2736
2022-05-04,12.2,58097218.497999996
2022-05-05,10.91,69238589.038
2022-05-06,10.79,57486331.55109
2022-05-07,10.21,26964916.23874
2022-05-08,10.0,40214520.62
2022-05-09,8.1,89899870.869
2022-05-10,8.59,120137378.16232
2022-05-11,6.95,129927927.94245
2022-05-12,6.56,135461572.5704
2022-05-13,7.15,69730505.84500001
2022-05-14,7.26,41104896.907800004
2022-05-15,7.96,40234594.905999996
2022-05-16,7.42,57004231.1748
2022-05-17,7.72,40818086.3908
2022-05-18,6.81,37117687.965299994
2022-05-19,7.22,42538760.838599995
2022-05-20,6.87,36592475.859000005
2022-05-21,7.06,15288271.926599998
2022-05-22,7.33,40504278.4852
2022-05-23,7.02,36055676.194199994
2022-05-24,7.23,43363899.0792
2022-05-25,6.96,32982863.364000004
2022-05-26,6.57,39495956.1642
2022-05-27,6.29,40279284.2591
2022-05-28,6.58,23670984.12
2022-05-29,6.71,16742631.2955
2022-05-30,7.46,44492087.4534
2022-05-31,7.59,39894633.2169
2022-06-01,6.93,44605049.1579
2022-06-02,7.19,27656694.068600003
2022-06-03,6.85,25611514.32
2022-06-04,7.4,22252066.326
2022-06-05,7.64,39765299.7024
2022-06-06,7.97,54241340.8518
2022-06-07,8.71,99728759.9113
2022-06-08,8.7,110935700.043
2022-06-09,9.27,112643655.3351
2022-06-10,8.04,100928161.99919999
2022-06-11,7.04,85040050.2336
2022-06-12,6.27,67455085.4241
2022-06-13,5.93,140564445.2631
2022-06-14,6.74,149595268.6728
2022-06-15,7.33,211139925.3562
2022-06-16,6.36,106757485.24320002
2022-06-17,6.36,51160763.9172
2022-06-18,5.92,94417770.088
2022-06-19,6.6,65127343.24799999
2022-06-20,6.98,70958205.4298
2022-06-21,6.86,64920724.9558
2022-06-22,6.63,56445175.6908
2022-06-23,6.99,46640496.798
2022-06-24,7.26,46948804.5774
2022-06-25,7.26,41027124.7386
2022-06-26,6.7,37525240.405
2022-06-27,6.55,42583751.520500004
2022-06-28,6.32,67356188.104
2022-06-29,6.23,43352288.8855
2022-06-30,6.27,42038914.98509999
2022-07-01,6.08,39790567.0528
2022-07-02,6.22,17228332.8968
2022-07-03,6.22,17273356.74
2022-07-04,6.43,29067496.901499998
2022-07-05,6.31,36690555.710999995
2022-07-06,6.34,25085426.1388
2022-07-07,6.64,29717418.338399995
2022-07-08,6.36,38891640.3444
2022-07-09,6.48,17415669.902400002
2022-07-10,6.2,20913045.966000002
2022-07-11,6.04,29453805.8368
2022-07-12,5.94,22497599.3022
2022-07-13,6.175,41876074.708
2022-07-14,6.275,44297440.012250006
2022-07-15,6.325,63183911.02375001
2022-07-16,6.595,45268366.81655
2022-07-17,6.347,33930120.168670006
2022-07-18,7.037,73226183.47108
2022-07-19,7.254,84562781.26842
2022-07-20,6.867,66043744.76007
2022-07-21,6.994,44543555.4057
2022-07-22,6.782,47434824.590840004
2022-07-23,6.844,28968700.228080004
2022-07-24,7.094,35431824.49028
2022-07-25,6.431,39515041.74593
2022-07-26,6.341,34881611.899670005
2022-07-27,6.86,37223331.9248
2022-07-28,7.217,49503778.692059994
2022-07-29,7.883,100664638.07795
2022-07-30,7.82,65491239.6506
2022-07-31,7.651,47325163.25579
2022-08-01,7.57,38858579.866
2022-08-02,7.177,51602465.646699995
2022-08-03,7.284,33054290.8608
2022-08-04,7.364,28754750.80212
2022-08-05,7.878,41311451.526539996
2022-08-06,7.792,25018564.5088
2022-08-07,8.343,35097212.17737
2022-08-08,8.608,69780718.34272
2022-08-09,8.742,86117551.01274002
2022-08-10,9.055,81626072.21159999
2022-08-11,8.958,54076495.41396
2022-08-12,9.324,72925697.61036
2022-08-13,9.144,34569820.20744
2022-08-14,8.765,38736747.897250004
2022-08-15,8.646,44736472.46904001
2022-08-16,8.452,29227616.68364
2022-08-17,8.061,40696900.58907
2022-08-18,7.649,30156548.19869
2022-08-19,6.899,58666917.08883
2022-08-20,6.9,35766322.431
2022-08-21,7.082,24746857.66596
2022-08-22,7.044,26183092.360319998
2022-08-23,7.241,30205385.526809998
2022-08-24,7.124,19071727.50808
2022-08-25,7.124,27458530.02776
2022-08-26,6.504,38262160.463999994
2022-08-27,6.529,21296524.82827
2022-08-28,6.255,21333193.7877
2022-08-29,6.7,23430231.181
2022-08-30,6.556,23117234.26276
2022-08-31,6.627,24820054.92171
2022-09-01,6.925,23254667.22825
2022-09-02,6.926,27674244.38028
2022-09-03,6.859,11198880.80328
2022-09-04,7.156,29081938.05848
2022-09-05,7.375,29780515.86875
2022-09-06,6.659,37385358.87157
2022-09-07,7.085,34404310.1025
2022-09-08,7.406,43593335.98844
2022-09-09,7.742,57917536.65502
2022-09-10,7.904,47754686.60352
2022-09-11,8.028,40516087.876559995
2022-09-12,7.762,50389509.71194
2022-09-13,7.025,50639609.86475
2022-09-14,7.456,44091801.52544001
2022-09-15,7.566,53662229.29002
2022-09-16,7.656,50732268.1008
2022-09-17,8.092,40965134.927080005
2022-09-18,7.523,41123295.755950004
2022-09-19,7.301,57065515.26417
2022-09-20,6.883,36542005.72198
2022-09-21,6.68,55340064.3436
2022-09-22,7.123,32552832.200969998
2022-09-23,7.449,56882933.15445
2022-09-24,7.629,52911607.03148999
2022-09-25,7.865,67213891.00855
2022-09-26,7.945,51959863.74005
2022-09-27,8.056,96017579.37935999
2022-09-28,7.795,124852108.2569
2022-09-29,7.899,60718447.26558
2022-09-30,7.585,42393180.1435
2022-10-01,7.394,25379761.186699998
2022-10-02,7.11,29181472.109100003
2022-10-03,7.33,37645829.9042
2022-10-04,7.723,48808340.95015
2022-10-05,7.875,48443582.486250006
2022-10-06,7.632,30987194.08608
2022-10-07,7.606,31092093.77438
2022-10-08,7.455,15358200.713100001
2022-10-09,7.63,12582693.8874
2022-10-10,7.335,26350898.96655
2022-10-11,7.135,29482301.327099998
2022-10-12,7.145,15755047.453849997
2022-10-13,7.027,52024088.825500004
2022-10-14,6.887,30426680.807809997
2022-10-15,6.886,13756956.8444
2022-10-16,7.173,16148106.43137
2022-10-17,7.328,23619792.4336
2022-10-18,7.127,27169352.40972
2022-10-19,6.772,19630752.01976
2022-10-20,6.657,20328735.1974
2022-10-21,6.809,26448584.97457
2022-10-22,6.868,8533497.41744
2022-10-23,7.066,18395606.94698
2022-10-24,6.906,24292206.30822
2022-10-25,7.063,38197654.04413
2022-10-26,7.157,30027243.241150003
2022-10-27,6.892,29765827.717080005
2022-10-28,7.109,22719283.57418
2022-10-29,7.636,45227154.28888
2022-10-30,7.782,48850596.76278
2022-10-31,7.857,66600559.53729001
2022-11-01,7.684,29125969.40532
2022-11-02,7.437,62007282.13296
2022-11-03,7.72,61871039.15319999
2022-11-04,8.715,103590879.9198
2022-11-05,8.663,55228069.1221
2022-11-06,8.101,43762468.96902
2022-11-07,8.956,101884144.62684
2022-11-08,7.708,278375294.01012003
2022-11-09,6.231,147347443.58060998
2022-11-10,7.21,134338580.0358
2022-11-11,7.044,78965030.37347999
2022-11-12,6.281,95355334.58142999
2022-11-13,6.078,44296634.366340004
2022-11-14,6.291,76838463.73656
2022-11-15,6.421,57971930.052140005
2022-11-16,6.179,38878126.31553
2022-11-17,6.225,30430366.256249998
2022-11-18,6.183,32254213.87179
2022-11-19,6.146,17906998.1993
2022-11-20,5.768,28567413.548799995
2022-11-21,5.876,46174178.03076
2022-11-22,6.422,76369058.23325999
2022-11-23,6.707,66247743.59775
2022-11-24,6.831,45857215.06344
2022-11-25,6.848,39451480.91584
2022-11-26,7.156,57729921.821839996
2022-11-27,6.902,34417172.862380005
2022-11-28,7.194,97782506.50476
2022-11-29,7.318,66179043.71476
2022-11-30,7.672,63925260.13888
2022-12-01,7.681,58509574.3063
2022-12-02,7.61,38525134.6116
2022-12-03,7.235,26832693.384
2022-12-04,7.444,25318173.850319996
2022-12-05,7.275,40816747.24875
2022-12-06,7.132,38634184.42908
2022-12-07,6.881,31561844.977180004
2022-12-08,7.0,26162397.24
2022-12-09,6.863,20956089.72249
2022-12-10,6.858,16666801.535519999
2022-12-11,6.7,13498679.409
2022-12-12,6.701,26242708.42564
2022-12-13,6.926,47879060.04818
2022-12-14,6.718,23310156.775179997
2022-12-15,6.456,26054739.89328
2022-12-16,5.893,41166199.73
2022-12-17,6.03,24875265.0978
2022-12-18,5.949,13123864.32525
2022-12-19,5.79,23292034.233599998
2022-12-20,6.013,21349142.60997
2022-12-21,5.989,12584810.15142
2022-12-22,6.005,17546025.89365
2022-12-23,5.941,13231824.370310001
2022-12-24,5.916,6218506.732559999
2022-12-25,5.99,10351261.975200001
2022-12-26,6.048,10759568.54112
2022-12-27,5.903,14660792.3316
2022-12-28,5.675,18801379.47675
2022-12-29,5.601,19988570.82237
2022-12-30,5.475,18707234.09475
2022-12-31,5.575,12891283.3465
2023-01-01,5.628,8262301.73076
2023-01-02,5.691,14991805.625159997
2023-01-03,5.621,12051965.808190001
2023-01-04,5.809,22258039.57233
2023-01-05,5.66,16083714.322400002
2023-01-06,5.712,15408348.537119998
2023-01-07,5.83,11608102.214499999
2023-01-08,5.963,13917070.506080002
2023-01-09,6.065,34462122.51355
2023-01-10,6.166,21292831.311740004
2023-01-11,6.284,22619761.3484
2023-01-12,6.387,37445103.030389994
2023-01-13,6.605,29334120.8481
2023-01-14,6.856,71476128.57184
2023-01-15,6.694,37838111.39526
2023-01-16,6.669,47637256.00608
2023-01-17,6.804,41088536.04996
2023-01-18,6.334,53365319.85417999
2023-01-19,6.506,21406308.79178
2023-01-20,6.941,29006337.17553
2023-01-21,6.853,44527691.23572
2023-01-22,6.984,47615280.25824
2023-01-23,7.015,45423155.85425
2023-01-24,6.661,35917561.566819996
2023-01-25,6.954,46900685.831760004
2023-01-26,7.169,50240388.70528
2023-01-27,7.384,50238250.9148
2023-01-28,7.211,29000938.257030003
2023-01-29,7.372,37066674.019999996
2023-01-30,6.914,34672700.9017
2023-01-31,6.952,23194350.66608
2023-02-01,7.214,39630456.426240005
2023-02-02,7.099,40946942.97854
2023-02-03,7.294,32057799.662139997
2023-02-04,7.237,23239403.45152
2023-02-05,6.985,23865630.01185
2023-02-06,6.832,23942432.1192
2023-02-07,7.197,32701524.13323
2023-02-08,7.136,35042718.73504
2023-02-09,6.984,130963660.91352001
2023-02-10,6.89,45605304.865899995
2023-02-11,7.003,16061900.75287
2023-02-12,6.808,22608069.91864
2023-02-13,6.669,36178323.783029996
2023-02-14,6.808,29926599.796240002
2023-02-15,7.281,37676366.64549
2023-02-16,7.011,57483761.658479996
2023-02-17,7.65,61949457.5715
2023-02-18,7.989,90987094.80531
2023-02-19,8.014,75460037.01212
2023-02-20,8.017,64660131.176989995
2023-02-21,7.64,45029967.9304
2023-02-22,7.717,50136905.967029996
2023-02-23,7.935,80541097.6167
2023-02-24,7.466,72517400.45128
2023-02-25,7.373,31540912.314540002
2023-02-26,7.497,19057141.96785
2023-02-27,7.274,29129356.60002
2023-02-28,7.195,29027549.659050003
2023-03-01,7.536,28265861.04864
2023-03-02,7.275,20884247.052
2023-03-03,6.958,36943741.12058
2023-03-04,6.857,18777651.145069998
2023-03-05,6.945,13671191.9412
2023-03-06,6.854,17878527.47174
2023-03-07,6.881,20751634.81965
2023-03-08,6.577,26957908.82003
2023-03-09,6.16,36891066.7664
2023-03-10,6.215,41155964.4298
2023-03-11,6.162,34865781.44556
2023-03-12,6.551,31517360.51375
2023-03-13,6.761,52852589.71683
2023-03-14,6.96,61986828.0816
2023-03-15,6.546,44514952.58664
2023-03-16,6.656,24076238.284799997
2023-03-17,7.207,49624599.84633
2023-03-18,6.922,39104374.23558
2023-03-19,7.081,25512892.14214
2023-03-20,7.05,63400983.606
2023-03-21,7.375,48278849.0725
2023-03-22,7.173,86524884.40329
2023-03-23,7.61,45280495.464099996
2023-03-24,7.191,34820515.19286
2023-03-25,7.075,21384649.70975
2023-03-26,7.261,14267779.39281
2023-03-27,6.87,31270330.071300004
2023-03-28,6.947,28378418.79141
2023-03-29,7.382,42999616.42904
2023-03-30,7.233,38145083.51304
2023-03-31,7.588,47943232.24852
2023-04-01,7.548,20429804.314319998
2023-04-02,7.255,19085337.8908
2023-04-03,7.245,37814394.624299996
2023-04-04,7.37,32163353.7654
2023-04-05,7.321,37848603.84763
2023-04-06,7.201,21481037.167069998
2023-04-07,7.267,13762454.10761
2023-04-08,7.13,10269583.7729
2023-04-09,7.203,9232754.979
2023-04-10,7.343,19375585.87559
2023-04-11,7.301,21972771.49543
2023-04-12,7.23,27641596.461000003
2023-04-13,7.458,28743004.91568
2023-04-14,7.743,60452615.3499
2023-04-15,8.005,38669914.000250004
2023-04-16,8.14,35028427.731000006
2023-04-17,8.16,62848883.448
2023-04-18,8.578,80256415.29588
2023-04-19,7.752,78608731.73303999
2023-04-20,7.512,55804516.094399996
2023-04-21,7.113,48970136.18484
2023-04-22,7.175,21637053.697
2023-04-23,7.082,29393249.79464
2023-04-24,7.068,28437520.544399995
2023-04-25,7.274,26616234.8443
2023-04-26,7.004,50939171.81448
2023-04-27,7.17,38175330.8781
2023-04-28,7.04,24715060.832
2023-04-29,7.185,17174381.301749997
2023-04-30,7.025,19494589.89475
2023-05-01,6.898,22662308.01652
2023-05-02,6.987,14513399.12493
2023-05-03,7.129,23257411.277529996
2023-05-04,6.998,12180515.78802
2023-05-05,7.226,20875667.66566
2023-05-06,6.92,18014240.3264
2023-05-07,6.911,11589849.90479
2023-05-08,6.582,34877473.9977
2023-05-09,6.522,14346526.75116
2023-05-10,6.588,28308722.039279997
2023-05-11,6.36,25244154.294
2023-05-12,6.623,22008009.38132
2023-05-13,6.491,11310479.936409999
2023-05-14,6.547,7815608.589149999
2023-05-15,6.635,15451058.062549999
2023-05-16,6.659,15298539.823589997
2023-05-17,6.758,22298940.15558
2023-05-18,6.531,14855052.480659999
2023-05-19,6.51,9252908.9478
2023-05-20,6.503,4924852.02503
2023-05-21,6.43,8226398.546699999
2023-05-22,6.533,17000982.626670003
2023-05-23,6.504,11390271.006719999
2023-05-24,6.32,19529482.8128
2023-05-25,6.278,11653816.682659999
2023-05-26,6.344,10814262.61448
2023-05-27,6.438,7087280.218739999
2023-05-28,6.631,13453145.07338
2023-05-29,6.637,14845854.979549998
2023-05-30,6.613,15841869.890139999
2023-05-31,6.478,16868851.66568
2023-06-01,6.344,13725753.106
2023-06-02,6.45,13848627.558
2023-06-03,6.421,5577278.60949
2023-06-04,6.452,7806504.94284
2023-06-05,6.054,27214581.192120004
2023-06-06,6.261,23227735.99152
2023-06-07,5.917,17743908.77135
2023-06-08,5.995,8551604.259550001
2023-06-09,5.993,7596349.660510001
2023-06-10,5.233,73411954.70246999
2023-06-11,5.175,12703048.33275
2023-06-12,5.16,14173533.408
2023-06-13,5.3,13226120.956
2023-06-14,5.25,19880598.412499998
2023-06-15,5.312,15383138.779520001
2023-06-16,5.324,11586937.49884
2023-06-17,5.279,9918431.88767
2023-06-18,5.156,10141432.25004
2023-06-19,5.133,16604977.20204
2023-06-20,5.267,22369373.836220004
2023-06-21,5.556,29423416.24056
2023-06-22,5.558,25831061.16822
2023-06-23,6.07,40792060.752
2023-06-24,6.133,19652856.09461
2023-06-25,6.157,19703321.82604
2023-06-26,6.057,23471557.38162
2023-06-27,6.198,20144325.51162
2023-06-28,5.815,24045241.02725
2023-06-29,5.891,24870946.92135
2023-06-30,6.313,55070645.92088
2023-07-01,6.503,33434620.11925
2023-07-02,6.54,26728885.6278
2023-07-03,6.628,21459095.41792
2023-07-04,6.521,16996850.797989998
2023-07-05,6.299,19046164.099400003
2023-07-06,6.08,22701710.294400003
2023-07-07,6.156,12702075.801839998
2023-07-08,6.196,7969616.524560001
2023-07-09,6.15,7362935.841000001
2023-07-10,6.167,13335935.530749999
2023-07-11,6.206,6609880.894600001
2023-07-12,6.252,12938871.239279998
2023-07-13,7.124,47629946.88556
2023-07-14,6.958,49817671.10166
2023-07-15,6.918,13146789.891660001
2023-07-16,6.607,17564934.60049
2023-07-17,7.186,59573736.859299995
2023-07-18,6.911,58797971.672680005
2023-07-19,6.915,28589215.157100003
2023-07-20,8.361,204595173.39141
2023-07-21,8.133,73093822.40343
2023-07-22,7.881,49624815.05268
2023-07-23,7.89,24397434.33
2023-07-24,7.586,43330994.10304
2023-07-25,7.392,25968766.306560002
2023-07-26,7.742,46322389.55218
2023-07-27,7.989,43758813.34623
2023-07-28,7.77,24235460.8461
2023-07-29,7.842,14952613.360559998
2023-07-30,7.555,22516552.333849996
2023-07-31,7.547,26090282.61581
2023-08-01,7.641,29340124.60185
2023-08-02,7.351,30879480.14979
2023-08-03,7.125,24212673.67875
2023-08-04,7.143,22013087.61009
2023-08-05,7.231,11722681.354649998
2023-08-06,7.102,12077494.16096
2023-08-07,7.324,24345600.7372
2023-08-08,7.461,29728469.3994
2023-08-09,7.678,41124923.5628
2023-08-10,7.619,24638179.03899
2023-08-11,7.492,13851745.95228
2023-08-12,7.442,9786242.502559999
2023-08-13,7.369,15182023.22164
2023-08-14,7.412,28119549.39224
2023-08-15,7.043,42810671.88687
2023-08-16,6.762,40998008.56956
2023-08-17,6.189,51783605.54691
2023-08-18,6.176,29888766.63712
2023-08-19,6.181,14367024.24129
2023-08-20,6.22,7916946.5578
2023-08-21,6.174,18914949.84834
2023-08-22,6.112,24066488.96
2023-08-23,6.352,22938473.06064
2023-08-24,6.084,18302138.000639997
2023-08-25,6.014,18688218.1322
2023-08-26,6.006,9830221.34094
2023-08-27,6.03,8007739.238700001
2023-08-28,5.981,20182373.36374
2023-08-29,6.194,34605415.927600004
2023-08-30,5.925,18996388.328250002
2023-08-31,5.879,24615184.930789996
2023-09-01,5.941,21791898.1202
2023-09-02,5.972,7601039.532320001
2023-09-03,6.027,10750189.69752
2023-09-04,6.012,16748707.37364
2023-09-05,6.137,18174255.528539997
2023-09-06,6.302,29964043.71298
2023-09-07,6.387,19782743.7924
2023-09-08,6.28,12579114.0592
2023-09-09,6.165,6394821.4593
2023-09-10,6.015,17684165.50335
2023-09-11,5.829,24978552.97584
2023-09-12,5.957,18510480.07795
2023-09-13,6.02,18053530.065199997
2023-09-14,6.151,21047744.175529998
2023-09-15,6.367,16031634.268970001
2023-09-16,6.281,11948560.670529999
2023-09-17,6.146,9240927.57588
2023-09-18,6.567,52023260.394930005
2023-09-19,6.846,37904667.1752
2023-09-20,6.905,31411201.919450004
2023-09-21,6.664,28456838.109839994
2023-09-22,6.958,21453912.0747
2023-09-23,7.189,45396447.81763
2023-09-24,6.972,21955418.528400004
2023-09-25,7.494,37141662.45534
2023-09-26,7.356,28521081.086039998
2023-09-27,7.645,54895938.44404999
2023-09-28,7.807,56354379.0361
2023-09-29,7.946,36809227.277959995
2023-09-30,8.191,43549750.30415001
2023-10-01,8.054,46242284.2308
2023-10-02,7.47,55193092.842599995
2023-10-03,7.409,35221754.45684
2023-10-04,7.674,41951144.15886
2023-10-05,7.465,28714310.54335
2023-10-06,7.639,24261736.253960002
2023-10-07,7.524,16819472.7558
2023-10-08,7.673,40056017.09747
2023-10-09,7.276,39293253.42892
2023-10-10,7.259,24065396.33827
2023-10-11,7.391,27360830.63117
2023-10-12,7.197,24650281.75992
2023-10-13,7.256,30797929.4656
2023-10-14,7.331,11160615.13826
2023-10-15,7.423,17072697.57479
2023-10-16,7.525,33800931.879750006
2023-10-17,7.32,21005366.958
2023-10-18,7.356,16932984.05988
2023-10-19,7.304,17688148.73144
2023-10-20,7.57,32776643.1535
2023-10-21,8.914,139003598.42165998
2023-10-22,10.19,189937377.77349997
2023-10-23,10.577,260800494.89977002
2023-10-24,10.372,177299495.10504
2023-10-25,11.058,189685674.97668
2023-10-26,10.928,120027985.2416
2023-10-27,11.185,131090994.34855
2023-10-28,10.923,83954899.68261
2023-10-29,11.081,58457346.66289
2023-10-30,11.22,106082922.5346
2023-10-31,11.353,141647844.65403
2023-11-01,11.638,123233525.56152
2023-11-02,11.007,88098822.84357
2023-11-03,11.46,101849543.83500001
2023-11-04,11.496,60180275.8968
2023-11-05,12.231,145635355.31274
2023-11-06,12.984,130192936.54128
2023-11-07,13.04,155638561.92159998
2023-11-08,14.919,187995883.10796002
2023-11-09,14.603,276013711.32676
2023-11-10,15.493,198807785.56777
2023-11-11,16.477,196441834.83035
2023-11-12,16.025,151925680.74249998
2023-11-13,14.358,145261172.76396
2023-11-14,13.945,178611165.20084998
2023-11-15,15.027,143674650.15080997
2023-11-16,13.866,159676469.07492
2023-11-17,13.702,142183847.3913
2023-11-18,13.75,82357769.72500001
2023-11-19,14.908,119623388.19956
2023-11-20,14.477,113681333.34244
2023-11-21,13.359,124340240.95745999
2023-11-22,14.212,104334824.06468
2023-11-23,14.398,83221957.26123999
2023-11-24,14.482,63149305.95766
2023-11-25,14.762,48980886.5513
2023-11-26,14.766,77384292.11309999
2023-11-27,14.186,87188163.77344
2023-11-28,14.521,78338863.56179
2023-11-29,14.511,70313468.41679999
2023-11-30,14.412,63390672.968159996
2023-12-01,14.988,69462074.99868
2023-12-02,15.992,105049735.57664001
2023-12-03,15.705,68773669.54245
2023-12-04,15.813,139580170.08516002
2023-12-05,15.729,113150428.16007
2023-12-06,15.268,123015820.96892
2023-12-07,15.691,142475956.11262003
2023-12-08,16.925,183260283.97375
2023-12-09,16.196,136538658.63264
2023-12-10,16.367,78014527.46022001
2023-12-11,14.768,208339487.48912
2023-12-12,14.523,108209279.10075
2023-12-13,14.77,121201328.0681
2023-12-14,15.37,129087301.83579999
2023-12-15,14.281,79802570.744
2023-12-16,14.32,56928716.9392
2023-12-17,14.013,49889339.17803
2023-12-18,14.674,120623871.16802
2023-12-19,14.1,66489995.25
2023-12-20,14.253,72593949.43494001
2023-12-21,15.305,106801276.00549999
2023-12-22,15.479,98727638.78912999
2023-12-23,15.682,97874924.95040001
2023-12-24,15.262,90610600.07090001
2023-12-25,15.585,80770698.34605001
2023-12-26,15.092,97246994.41688
2023-12-27,16.709,143780273.46529
2023-12-28,16.005,198455352.00315
2023-12-29,15.54,109099129.1292
2023-12-30,15.167,44766742.47616
2023-12-31,14.941,52232096.52407
2024-01-01,15.548,49348386.31372
2024-01-02,15.166,86067367.42438
2024-01-03,14.148,143568742.38516
2024-01-04,14.526,63418005.32616
2024-01-05,14.091,85622828.44269
2024-01-06,13.436,47905545.685320005
2024-01-07,13.151,40046108.390370004
2024-01-08,14.139,89692592.48784
2024-01-09,13.716,83522250.58787999
2024-01-10,15.072,92069767.2288
2024-01-11,15.022,89696685.27343999
2024-01-12,14.151,73582420.46058
2024-01-13,14.345,34474235.22605
2024-01-14,14.755,103008929.67105001
2024-01-15,15.185,108126400.8952
2024-01-16,15.271,61009014.045150004
2024-01-17,15.761,140371045.63831997
2024-01-18,14.658,98654386.13184
2024-01-19,16.118,160504984.12365997
2024-01-20,15.781,131671116.50507
2024-01-21,15.396,53374175.06808
2024-01-22,14.598,131381874.31122002
2024-01-23,14.3,109176556.06
2024-01-24,14.243,69828755.8717
2024-01-25,13.744,54754223.51744
2024-01-26,14.187,58508298.842099994
2024-01-27,14.345,30148262.779400002
2024-01-28,14.48,56826150.392
2024-01-29,15.004,83887461.67604
2024-01-30,15.475,102346441.26975
2024-01-31,15.429,149288665.88934
2024-02-01,17.19,274737744.6201
2024-02-02,17.828,331491790.15915996
2024-02-03,17.658,134519586.76062
2024-02-04,18.153,136920689.09522998
2024-02-05,19.164,224252098.40820003
2024-02-06,18.287,141139446.00386
2024-02-07,18.817,118335473.48048002
2024-02-08,18.212,116319425.52047999
2024-02-09,18.47,105147624.1829
2024-02-10,19.084,80860985.67508
2024-02-11,20.146,175861956.71786
2024-02-12,20.465,185447687.83955
2024-02-13,19.87,123758200.70199999
2024-02-14,20.24,102731378.2352
2024-02-15,19.932,97049564.16143999
2024-02-16,19.551,89938556.92688999
2024-02-17,20.032,74438880.14912
2024-02-18,20.119,58206623.53847
2024-02-19,19.832,81928667.93176001
2024-02-20,19.281,109882701.08103
2024-02-21,18.594,92097208.42452
2024-02-22,18.121,76288730.64370999
2024-02-23,17.935,88257180.1406
2024-02-24,18.533,42733422.35011
2024-02-25,18.722,37498501.239760004
2024-02-26,19.083,84999608.32724999
2024-02-27,19.023,91761926.50386
2024-02-28,19.43,262657108.1284
2024-02-29,19.274,155787180.42242
2024-03-01,20.051,81300608.63947
2024-03-02,21.398,166142908.73206
2024-03-03,20.507,116281130.22335
2024-03-04,20.416,132451639.25312
2024-03-05,18.973,256994862.87227
2024-03-06,20.085,137863412.08185002
2024-03-07,20.091,94494176.29716
2024-03-08,19.699,110798919.16487001
2024-03-09,19.972,74174325.35900001
2024-03-10,21.68,141711337.5608
2024-03-11,21.277,281883786.96679
2024-03-12,20.704,187247500.22528002
2024-03-13,20.751,108019945.55964
2024-03-14,20.88,271065662.7336
2024-03-15,19.63,198486282.8091
2024-03-16,18.115,120562053.09214999
2024-03-17,18.666,99080774.15454
2024-03-18,18.301,134292441.5238
2024-03-19,16.805,187223381.4177
2024-03-20,18.412,159847033.2416
2024-03-21,18.458,93669314.10385999
2024-03-22,18.367,80951820.02404
2024-03-23,18.063,45332073.4761
2024-03-24,18.518,35903512.82164
2024-03-25,19.375,66171204.806250006
2024-03-26,20.007,101132025.02442
2024-03-27,19.289,84099848.26734
2024-03-28,19.148,58439384.46204
2024-03-29,18.967,48812080.9189
2024-03-30,18.933,39678648.44928
2024-03-31,19.171,30484658.675819997
2024-04-01,18.358,68851699.92812
2024-04-02,17.952,119099634.33984001
2024-04-03,17.687,59892779.91252001
2024-04-04,17.791,51658462.82736
2024-04-05,17.325,49155773.436
2024-04-06,17.559,26125808.886540003
2024-04-07,17.913,30346337.707140002
2024-04-08,18.101,69657473.00256
2024-04-09,17.362,52613731.01149999
2024-04-10,17.417,60450283.00274001
2024-04-11,17.555,33768507.81585
2024-04-12,15.156,184682560.92228
2024-04-13,13.288,192766341.52424002
2024-04-14,14.098,141962398.26496
2024-04-15,13.58,99482788.99159999
2024-04-16,13.46,65332892.4726
2024-04-17,13.133,63413480.58128
2024-04-18,13.887,55080261.67662
2024-04-19,13.946,83972605.6199
2024-04-20,14.959,46639964.37331
2024-04-21,15.105,31955823.66495
2024-04-22,15.445,66781047.59955001
2024-04-23,15.178,39151824.788100004
2024-04-24,14.536,60118524.887679994
2024-04-25,14.593,50073432.54576
2024-04-26,14.49,39700325.6496
2024-04-27,14.267,41560182.17494
2024-04-28,13.809,22453651.49175
2024-04-29,14.074,31584979.73276
2024-04-30,13.129,48155653.23728
2024-05-01,13.347,65913073.58808
2024-05-02,13.59,32727034.376999997
2024-05-03,14.093,30798367.12497
2024-05-04,14.316,30792779.160960004
2024-05-05,14.371,21480684.49611
2024-05-06,14.484,46995467.29284
2024-05-07,13.997,35817421.03332
2024-05-08,13.9,37373575.794
2024-05-09,14.237,32645869.5337
2024-05-10,13.564,38315707.10576
2024-05-11,13.306,17602823.550559998
2024-05-12,13.559,12637051.7273
2024-05-13,13.393,33681355.513960004
2024-05-14,12.98,33909404.7424
2024-05-15,13.865,40581328.04755
2024-05-16,15.516,115011253.7946
2024-05-17,16.231,152581273.47961003
2024-05-18,16.329,54352120.73955
2024-05-19,16.56,82264043.21759999
2024-05-20,17.262,113544221.49504
2024-05-21,16.739,91343655.38658
2024-05-22,16.354,65809611.01572
2024-05-23,16.596,95696904.56508
2024-05-24,17.25,125893812.8625
2024-05-25,17.443,42321352.081810005
2024-05-26,17.042,54785269.31730001
2024-05-27,18.786,105925571.29866
2024-05-28,18.528,103828721.80511999
2024-05-29,18.453,80772862.8036
2024-05-30,17.944,67327682.22056
2024-05-31,18.414,56406907.572840005
2024-06-01,18.443,26021425.48681
2024-06-02,18.143,27646939.493580002
2024-06-03,17.629,43125523.00700001
2024-06-04,17.716,33174079.678440005
2024-06-05,17.741,39553648.737229995
2024-06-06,17.248,50603235.217920005
2024-06-07,16.318,68416586.62516001
2024-06-08,15.928,30516877.292000003
2024-06-09,16.372,18003111.908079997
2024-06-10,15.905,28243549.16415
2024-06-11,14.988,52251403.60944
2024-06-12,16.006,56572402.538440004
2024-06-13,15.141,34947095.17551
2024-06-14,14.744,43678470.4312
2024-06-15,14.857,23225944.53432
2024-06-16,15.144,22931802.0
2024-06-17,14.523,43491521.2473
2024-06-18,13.986,77983396.00253999
2024-06-19,14.345,29775767.74235
2024-06-20,14.255,27206103.560450003
2024-06-21,13.848,43065716.00688
2024-06-22,13.482,18734007.33918
2024-06-23,13.194,19270368.454320002
2024-06-24,13.617,51421131.43308
2024-06-25,14.198,30721430.22048
2024-06-26,13.915,20499277.1577
2024-06-27,14.433,37762589.818620004
2024-06-28,13.778,30464257.75996
2024-06-29,13.543,20114492.50681
2024-06-30,14.281,23495679.29488
2024-07-01,14.338,25164498.342499997
2024-07-02,14.415,31017379.381199997
2024-07-03,13.589,48156420.16906
2024-07-04,12.538,57775017.86394
2024-07-05,12.311,99398808.28319
2024-07-06,13.18,24873213.4932
2024-07-07,12.352,20497466.122240003
2024-07-08,13.121,51210878.5547
2024-07-09,12.841,38850449.22389
2024-07-10,12.79,29626046.538699996
2024-07-11,12.347,35971726.464169994
2024-07-12,12.74,40096355.3536
2024-07-13,13.021,23998082.30173
2024-07-14,13.448,36979920.9392
2024-07-15,14.394,45688583.538839996
2024-07-16,14.206,47901488.98524
2024-07-17,13.737,36162450.016619995
2024-07-18,13.593,33275490.825179998
2024-07-19,14.076,36720007.85196
2024-07-20,14.247,22040038.47735
2024-07-21,14.816,50782123.13376
2024-07-22,13.93,22948559.0677
2024-07-23,13.91,19779226.7127
2024-07-24,13.4,16830808.164
2024-07-25,12.94,24397025.2752
2024-07-26,13.53,15892162.515899999
2024-07-27,13.54,19774270.4024
2024-07-28,13.3,9382352.266
2024-07-29,13.53,20628064.627499998
2024-07-30,13.14,17903208.609
2024-07-31,12.83,19216776.0528
2024-08-01,12.88,24093143.9448
2024-08-02,11.93,31713171.9563
2024-08-03,11.68,20416648.0592
2024-08-04,10.88,26740214.0288
2024-08-05,9.49,163292349.0328
2024-08-06,10.07,38244135.1097
2024-08-07,9.48,27649529.634
2024-08-08,10.75,29716521.162499998
2024-08-09,10.53,18366863.8374
2024-08-10,10.55,10247384.855
2024-08-11,10.0,15473616.899999999
2024-08-12,10.56,27164576.8416
2024-08-13,10.58,20664345.8324
2024-08-14,10.39,16687252.034200002
2024-08-15,10.17,21010965.9534
2024-08-16,10.12,14298213.837599998
2024-08-17,10.16,6708699.2064000005
2024-08-18,10.09,13065524.3515
2024-08-19,10.19,14736760.5751
2024-08-20,10.23,16208361.0546
2024-08-21,11.22,29215883.888400003
2024-08-22,11.48,27238504.3896
2024-08-23,12.05,30267691.762000002
2024-08-24,12.35,23352836.9295
2024-08-25,12.1,20331123.252
2024-08-26,11.83,32251528.745799996
2024-08-27,11.16,28043515.367999997
2024-08-28,11.17,26712508.3402
2024-08-29,10.94,16280222.609000001
2024-08-30,11.11,17841640.879699998
2024-08-31,11.02,8406474.8702
2024-09-01,10.37,15648500.067999998
2024-09-02,10.77,14163406.9689
2024-09-03,10.31,16462330.014400002
2024-09-04,10.34,23518778.3424
2024-09-05,10.03,12381040.1243
2024-09-06,9.57,26095675.8216
2024-09-07,10.03,13471795.0015
2024-09-08,10.35,13976159.553
2024-09-09,10.53,26709236.9622
2024-09-10,10.58,15600259.831799999
2024-09-11,10.4,15887859.208
2024-09-12,10.78,15596491.4952
2024-09-13,11.45,33857004.7925
2024-09-14,11.29,12937113.002799999
2024-09-15,10.81,13284771.891700001
2024-09-16,10.54,19940996.3756
2024-09-17,10.63,19269812.600500003
2024-09-18,10.89,21565674.4545
2024-09-19,11.21,31817040.4421
2024-09-20,11.44,31020156.595999997
2024-09-21,11.5,15199098.51
2024-09-22,11.13,17747342.501700003
2024-09-23,11.39,25630583.3869
2024-09-24,12.15,34678034.4015
2024-09-25,12.11,31549934.866099995
2024-09-26,12.56,39080393.904800005
2024-09-27,12.67,35536126.752000004
2024-09-28,12.95,28327582.524499997
2024-09-29,12.46,18491027.755200002
2024-09-30,11.85,24351834.4905
2024-10-01,11.01,45684758.577
2024-10-02,10.66,33425532.563800003
2024-10-03,10.66,27817758.4412
2024-10-04,11.08,24161275.2508
2024-10-05,11.27,13597258.6064
2024-10-06,11.27,16213640.610299999
2024-10-07,11.16,32405020.0308
2024-10-08,10.82,27177406.582000002
2024-10-09,10.53,27084784.884299997
2024-10-10,10.56,24414485.1456
2024-10-11,10.91,18869181.3553
2024-10-12,11.01,15515140.9428
2024-10-13,10.75,15752453.59
2024-10-14,11.28,31247622.3912
2024-10-15,11.45,55031008.8925
2024-10-16,11.24,24474969.8408
2024-10-17,11.03,20330911.279499996
2024-10-18,11.48,25001110.708
2024-10-19,11.42,11886347.691
2024-10-20,11.98,24803009.478600003
2024-10-21,11.71,25093311.4574
2024-10-22,11.97,44849944.2447
2024-10-23,11.32,32219295.752800003
2024-10-24,11.62,23892868.1894
2024-10-25,11.13,46193012.1828
2024-10-26,11.01,26773492.3017
2024-10-27,10.99,14203767.3449
2024-10-28,11.18,24960980.1558
2024-10-29,11.8,28478278.238
2024-10-30,12.39,38595432.825600006
2024-10-31,11.41,30492138.4257
2024-11-01,11.25,34823086.5375
2024-11-02,11.19,24002347.6848
2024-11-03,10.76,32752890.3792
2024-11-04,10.26,33708155.1624
2024-11-05,10.83,26551347.948299997
2024-11-06,12.17,73279027.9838
2024-11-07,12.59,51646168.590500005
2024-11-08,13.69,80262065.4884
2024-11-09,13.78,44480029.0324
2024-11-10,14.25,102798020.565
2024-11-11,14.91,104849740.5816
2024-11-12,13.95,135443153.07
2024-11-13,13.48,107620694.1496
2024-11-14,13.0,72192347.37
2024-11-15,13.84,61675310.0552
2024-11-16,14.52,85037701.32
2024-11-17,13.78,67873855.075
2024-11-18,15.26,129820139.3552
2024-11-19,14.62,66547664.2484
2024-11-20,14.24,81308226.8336
2024-11-21,14.89,90187270.1844
2024-11-22,16.57,170013474.8938
2024-11-23,17.38,200459194.3398
2024-11-24,17.91,149706427.69349998
2024-11-25,17.34,178594614.894
2024-11-26,17.34,118118646.84899999
2024-11-27,18.66,135729557.3328
2024-11-28,17.93,82726377.11799999
2024-11-29,18.24,70325547.3696
2024-11-30,19.0,96002673.7
2024-12-01,18.92,78507506.58960001
2024-12-02,25.23,913899926.2371001
2024-12-03,24.09,530662478.3724
2024-12-04,24.07,339708133.7562
2024-12-05,23.15,224767143.35899997
2024-12-06,25.87,220970852.32689998
2024-12-07,24.79,170401611.5718
2024-12-08,26.09,245820995.1619
2024-12-09,22.25,426827209.705
2024-12-10,22.12,343933851.898
2024-12-11,24.07,187770785.1197
2024-12-12,29.13,611769407.6466
2024-12-13,28.99,416928980.35359997
2024-12-14,29.12,311731613.06560004
2024-12-15,29.26,209235356.2376
2024-12-16,28.73,323305707.8771
2024-12-17,27.86,227398251.49859998
2024-12-18,24.86,270755204.15680003
2024-12-19,22.81,340236857.09809995
2024-12-20,23.39,314201218.2785
2024-12-21,22.13,193608795.6196
2024-12-22,22.08,98995736.0832
2024-12-23,24.55,226233080.458
2024-12-24,25.42,212814182.5052
2024-12-25,24.44,115282832.09560001
2024-12-26,22.68,96273616.21920002
2024-12-27,21.57,110973900.2712
2024-12-28,21.99,102125482.79609999
2024-12-29,20.96,53195933.5728
2024-12-30,20.58,93106199.0292
2024-12-31,20.01,90006260.64
2025-01-01,21.73,103967326.245
2025-01-02,22.07,131159570.82360001
2025-01-03,23.48,147499285.7768
2025-01-04,23.6,81407114.164
2025-01-05,23.58,59341679.59859999
2025-01-06,23.83,139926278.437
2025-01-07,21.38,162564640.45839998
2025-01-08,20.44,138810192.1276
2025-01-09,19.65,107487518.44799998
2025-01-10,20.24,102799475.7152
2025-01-11,20.21,52058792.4775
2025-01-12,19.84,46707340.6976
2025-01-13,19.35,172787232.13200003
2025-01-14,20.32,86054787.7072
2025-01-15,22.1,158973762.753
2025-01-16,23.03,186550870.27220002
2025-01-17,25.09,133828666.5014
2025-01-18,24.12,173202951.98880002
2025-01-19,24.34,450537575.2836
2025-01-20,25.09,544175035.1661
2025-01-21,26.67,280294423.6239
2025-01-22,25.3,108755411.10499999
2025-01-23,25.65,170784399.01049998
2025-01-24,25.18,115122222.4778
2025-01-25,24.93,69004666.41839999
2025-01-26,24.88,87838906.6784
2025-01-27,24.21,228825432.8154
2025-01-28,22.61,98103020.9936
2025-01-29,23.66,128454754.1732
2025-01-30,24.46,101234534.5846
2025-01-31,25.17,141561075.2382
2025-02-01,22.98,105612427.0992
2025-02-02,20.46,256923351.5376
2025-02-03,21.64,677140092.8012
2025-02-04,19.97,205715064.2494
2025-02-05,19.19,114461819.0673
2025-02-06,18.58,85143357.0482
2025-02-07,18.39,108651704.76269999
2025-02-08,18.45,45892826.4915
2025-02-09,18.26,61241153.27660001
2025-02-10,18.81,69843181.3299
2025-02-11,18.66,79557358.3998
2025-02-12,19.2,108164361.98399998
2025-02-13,18.56,47317140.1728
2025-02-14,19.38,63442909.477199994
2025-02-15,18.99,31885350.5394
2025-02-16,18.69,34182796.271400005
2025-02-17,19.12,69655718.28
2025-02-18,17.88,80555499.5832
2025-02-19,17.98,48099218.3962
2025-02-20,18.28,49940903.332
2025-02-21,17.43,79967016.2991
2025-02-22,17.76,36508170.4848
2025-02-23,17.62,30306724.9128
2025-02-24,15.26,80771544.40879999
2025-02-25,15.31,156592092.6537
2025-02-26,15.26,93763805.55639999
2025-02-27,15.1,50834790.089
2025-02-28,14.81,99561661.7181
2025-03-01,14.75,40840976.16500001
2025-03-02,17.42,137881153.8364
2025-03-03,14.46,119402124.4518
2025-03-04,14.86,153450712.5014
2025-03-05,16.43,133357936.9912
2025-03-06,17.06,148372134.30239996
2025-03-07,15.94,164167502.0918
2025-03-08,15.26,47829628.893199995
2025-03-09,13.81,58676476.11890001
2025-03-10,12.65,97114302.6205
2025-03-11,13.13,131518304.50070001
2025-03-12,13.49,85364181.2094
2025-03-13,13.04,54008459.380799994
2025-03-14,13.66,174237252.1112
2025-03-15,14.01,47749971.8379
2025-03-16,13.37,37170077.9198
2025-03-17,14.03,46572348.0333
2025-03-18,13.91,40645498.0867
2025-03-19,15.03,76394042.11799999
2025-03-20,14.22,43981244.3322
2025-03-21,13.97,24471082.4776
2025-03-22,14.25,21015321.592499997
2025-03-23,14.47,20274155.755000003
2025-03-24,15.13,53098078.05540001
2025-03-25,15.44,34272595.688
2025-03-26,15.24,48019769.0352
2025-03-27,15.52,38795856.625599995
2025-03-28,14.25,50333480.2125
2025-03-29,13.55,32708298.659
2025-03-30,13.41,27643313.3868
2025-03-31,13.51,35998824.087799996
2025-04-01,14.04,37482741.036
2025-04-02,12.9,87905624.421
2025-04-03,12.9,66302446.95300001
2025-04-04,12.94,58995358.1686
2025-04-05,12.85,18179868.516
2025-04-06,11.28,49300827.4344
2025-04-07,11.45,153536957.77049997
2025-04-08,10.93,47918396.9519
2025-04-09,12.65,113608279.8785
2025-04-10,12.08,49990008.056
2025-04-11,12.64,42010155.2272
2025-04-12,13.15,32458707.688500002
2025-04-13,12.62,39807216.5296
2025-04-14,12.63,35377869.8871
2025-04-15,12.24,37803808.7928
2025-04-16,12.35,35776120.1005
2025-04-17,12.54,28285459.3758
2025-04-18,12.56,14509694.8288
2025-04-19,12.94,15377948.6658
2025-04-20,13.28,30246078.3392
2025-04-21,13.11,34392757.4814
2025-04-22,14.13,54718178.5728
2025-04-23,15.02,67281810.628
2025-04-24,15.06,49145698.596
2025-04-25,14.92,56558406.4172
2025-04-26,14.86,31617982.800799996
2025-04-27,14.56,35768426.9488
2025-04-28,15.03,45831593.727
2025-04-29,14.6,31728664.082
2025-04-30,14.3,30424517.552000005
2025-05-01,14.74,43522864.0352
2025-05-02,14.65,41048546.5505
2025-05-03,14.24,25473234.5376
2025-05-04,13.86,21890898.413999997
2025-05-05,13.65,33420651.1275
2025-05-06,13.82,29946724.669200003
2025-05-07,13.82,25889521.7624
2025-05-08,15.88,90135486.7748
2025-05-09,16.01,110512062.41720001
2025-05-10,17.34,90694028.49419999
2025-05-11,17.1,82501562.53800002
2025-05-12,16.74,108572911.04519999
2025-05-13,17.39,89397910.6538
2025-05-14,17.01,63603058.35870001
2025-05-15,16.04,73778230.7328
2025-05-16,15.76,47868284.3944
2025-05-17,15.32,40361594.475600004
2025-05-18,15.88,68075636.45560001
2025-05-19,15.78,68340329.9742
2025-05-20,15.71,68955417.561
2025-05-21,16.1,98104739.327
2025-05-22,16.74,76047884.1864
2025-05-23,15.53,96140527.2287
2025-05-24,15.34,39910684.5436
2025-05-25,15.54,34749268.7472
2025-05-26,15.54,33312122.7096
2025-05-27,15.91,39988993.0002
2025-05-28,15.69,35887508.2398
2025-05-29,15.05,52229951.7845
2025-05-30,13.9,84874744.825
2025-05-31,13.97,45289029.6529
2025-06-01,14.06,23528530.1252
2025-06-02,14.07,25377643.6536
2025-06-03,14.11,33826900.153699994
2025-06-04,13.83,23486249.4171
2025-06-05,12.89,55751722.1731
2025-06-06,13.56,39218975.088
2025-06-07,13.83,24851225.054700002
2025-06-08,13.73,17871398.1609
2025-06-09,14.36,30724529.201199997
2025-06-10,15.45,71228313.05999999
2025-06-11,14.89,64662751.927300006
2025-06-12,13.97,55292348.8766
2025-06-13,13.44,87758890.0608
2025-06-14,13.15,24315366.363500003
2025-06-15,13.3,19390792.855
2025-06-16,13.56,37405921.1856
2025-06-17,12.99,48408666.3681
2025-06-18,13.11,33743989.2042
2025-06-19,13.07,24196305.798100002
2025-06-20,12.51,34259836.585499994
2025-06-21,12.03,31347535.204499997
2025-06-22,11.65,68953898.84
2025-06-23,12.82,56553308.4182
2025-06-24,13.42,56207877.8932
2025-06-25,13.13,32454353.6239
2025-06-26,12.94,24499907.592
2025-06-27,13.05,20334579.295500003
2025-06-28,13.39,16069525.121
2025-06-29,13.7,20531891.751
2025-06-30,13.38,33637397.2026
2025-07-01,12.9,22369410.249
2025-07-02,13.56,44259168.2376
2025-07-03,13.67,41844598.0642
2025-07-04,13.16,28240896.3732
2025-07-05,13.23,11913966.124200001
2025-07-06,13.48,18192011.3752
2025-07-07,13.44,24604726.5408
2025-07-08,13.96,28826872.5912
2025-07-09,14.25,48270270.449999996
2025-07-10,15.23,57710226.936400004
2025-07-11,15.28,77632345.1408
2025-07-12,15.11,31140499.991199996
2025-07-13,15.66,43288527.2382
2025-07-14,15.75,70994509.74
2025-07-15,16.11,74814532.94340001
2025-07-16,16.67,88135747.2914
2025-07-17,18.0,106283948.22
2025-07-18,17.83,163574526.4362
2025-07-19,18.39,67135187.76449999
2025-07-20,19.27,133186424.85880001
2025-07-21,19.5,109579278.50999999
2025-07-22,19.66,115114819.74159999
2025-07-23,18.18,91083221.3124
2025-07-24,17.91,80293497.50790001
2025-07-25,18.28,73712813.27080001
2025-07-26,18.41,37728623.709
2025-07-27,19.24,56534040.82039999
2025-07-28,18.12,67709312.5836
2025-07-29,17.83,67799155.72309999
2025-07-30,17.71,64816012.3919
2025-07-31,16.92,59502621.8664
2025-08-01,16.07,106231479.041
2025-08-02,15.65,47316120.638500005
2025-08-03,16.3,25751396.401
2025-08-04,17.11,46230138.9902
2025-08-05,16.38,49896190.5624
2025-08-06,16.67,30739974.5989
2025-08-07,18.48,102965951.088
2025-08-08,19.89,152428220.9307
2025-08-09,21.94,165941324.4418
2025-08-10,22.06,190941930.6736
2025-08-11,21.07,149506910.7903
2025-08-12,23.6,268440142.04399997
2025-08-13,23.98,269427051.39900005
2025-08-14,22.46,243427336.44500002
2025-08-15,21.76,119729146.2656
2025-08-16,22.64,109756528.6744
2025-08-17,25.64,297609694.1104
2025-08-18,25.78,412621594.072
2025-08-19,23.56,293487443.2676
2025-08-20,26.45,385649024.93
2025-08-21,24.82,212948809.9926
2025-08-22,26.79,465908126.7678
2025-08-23,26.28,166687340.17679998
2025-08-24,25.82,192032988.1594
2025-08-25,23.38,235718314.03679997
2025-08-26,24.38,195514210.9916
2025-08-27,23.78,171921306.7148
2025-08-28,25.18,324127507.6502
2025-08-29,23.43,225873890.65559998
2025-08-30,23.51,64885003.08540001
2025-08-31,23.2,97939938.19199999
2025-09-01,22.51,155827689.30870003
2025-09-02,23.49,130862758.2885
2025-09-03,23.69,87517857.3153
2025-09-04,22.32,88116086.9952
2025-09-05,22.28,149886220.236
2025-09-06,22.19,55196620.0149
2025-09-07,22.47,42498546.1929
2025-09-08,23.04,86804258.68800001
2025-09-09,23.05,106791609.341
2025-09-10,23.57,77845892.2169
2025-09-11,24.47,98512881.3132
2025-09-12,25.13,116746910.931
2025-09-13,24.88,103357883.80639999
2025-09-14,24.09,62661538.724400006
2025-09-15,23.56,87136564.3464
2025-09-16,23.48,60249925.366000004
2025-09-17,23.99,127520756.52319999
2025-09-18,24.62,86279116.5786
2025-09-19,23.47,99936642.383
2025-09-20,23.34,39491502.4302
2025-09-21,22.96,30350680.5
2025-09-22,21.65,178063842.0195
2025-09-23,21.52,71851051.32
2025-09-24,21.6,90088335.86400001
2025-09-25,20.14,125302083.6634
2025-09-26,21.07,80944238.8972
2025-09-27,20.91,20617472.236500002
2025-09-28,21.68,34680208.208000004
2025-09-29,21.74,54292077.465799995
2025-09-30,21.3,61412959.389
2025-10-01,22.58,72422754.88059999
2025-10-02,22.77,85757031.3699
2025-10-03,22.5,92353478.175
2025-10-04,22.01,45821073.2377
2025-10-05,22.0,57602099.94
2025-10-06,23.37,131096343.82050002
2025-10-07,21.79,127360426.78239998
2025-10-08,22.63,63149608.5849
2025-10-09,21.99,73029795.3828
2025-10-10,17.31,414050420.01659995
2025-10-11,17.2,197081519.364
2025-10-12,19.0,139086111.54
2025-10-13,19.84,159700371.5776
2025-10-14,19.1,142532772.653
2025-10-15,18.06,81450294.6054
2025-10-16,17.43,87208364.52929999
2025-10-17,16.61,130153405.8803
2025-10-18,16.82,32083111.0286
2025-10-19,17.29,67418609.29439999
2025-10-20,18.66,137165361.669
2025-10-21,17.61,130242139.2252
2025-10-22,17.2,81676300.11999999
2025-10-23,17.44,58383231.558400005
2025-10-24,17.89,55604023.1382
2025-10-25,18.02,24058298.373999998
2025-10-26,18.55,62425418.8495
2025-10-27,18.22,71858985.6358
2025-10-28,17.83,73048325.55309999
2025-10-29,18.13,98204330.80359998
2025-10-30,16.8,107505913.032
2025-10-31,17.24,64330095.9392
2025-11-01,17.14,30068570.193400003
2025-11-02,17.58,38361457.761
2025-11-03,15.25,130429626.4475
2025-11-04,14.68,159289093.9696
2025-11-05,15.09,88940944.8417
2025-11-06,14.74,56600629.813200004
2025-11-07,15.79,94633146.5436
2025-11-08,15.51,63815212.4049
2025-11-09,15.93,48911472.15929999
2025-11-10,16.36,77667724.124
2025-11-11,15.28,63312167.0504
2025-11-12,15.15,67032285.6465
2025-11-13,14.54,86502126.11559999
2025-11-14,13.81,91135701.3306
2025-11-15,14.14,36089165.3892
2025-11-16,13.73,74167810.3405
2025-11-17,13.33,71731438.656
2025-11-18,13.79,67615689.25299999
2025-11-19,13.53,71382240.35249999
2025-11-20,12.93,93769231.48200001
2025-11-21,12.11,125440592.144
2025-11-22,12.17,42070517.177099995
2025-11-23,12.53,54306718.56679999
2025-11-24,12.97,58326080.531899996
2025-11-25,13.09,59627391.285
2025-11-26,13.46,40770183.998600006
2025-11-27,13.34,22697473.998800002
2025-11-28,13.13,27877744.280100003
2025-11-29,12.99,18395112.8901
2025-11-30,12.95,19429770.262000002
2025-12-01,12.07,66655983.932100005
2025-12-02,13.47,66941266.18530001
2025-12-03,14.64,115195231.32720001
2025-12-04,14.25,53562473.64
2025-12-05,13.59,47301174.611999996
2025-12-06,13.92,25800570.0816
2025-12-07,13.65,44938198.30500001
2025-12-08,13.76,36750657.1264
2025-12-09,14.41,53638693.7394
2025-12-10,14.1,60110423.45999999
2025-12-11,14.07,46974986.8623
2025-12-12,13.63,37788537.524900004
2025-12-13,13.74,15649084.2396
2025-12-14,13.28,19184694.2352
2025-12-15,12.85,47335939.3665
2025-12-16,12.93,39814343.4339
2025-12-17,12.27,55003549.372200005
2025-12-18,11.93,51992110.5716
2025-12-19,12.54,40718803.41539999
2025-12-20,12.56,11703712.9568
2025-12-21,12.44,18230416.0732
2025-12-22,12.58,28855917.5754
2025-12-23,12.39,34649546.5323
2025-12-24,12.28,19843466.6544
2025-12-25,12.07,16096795.2105
2025-12-26,12.19,23456457.319199998
2025-12-27,12.52,13392230.464399999
2025-12-28,12.5,15966092.249999998
2025-12-29,12.3,36344705.307000004
2025-12-30,12.42,20444674.7736
2025-12-31,12.21,19816883.113500003
2026-01-01,12.6,16358798.610000001
2026-01-02,13.27,51913356.2724
2026-01-03,13.23,24019797.0159
2026-01-04,13.43,25470433.086600002
2026-01-05,13.9,57121698.608
2026-01-06,14.04,66909127.75559999
2026-01-07,13.44,42174217.6128
2026-01-08,13.21,35700232.000700004
2026-01-09,13.14,29698402.667400002
2026-01-10,13.13,13539500.540800001
2026-01-11,13.21,15552451.8894
2026-01-12,13.08,28484103.1884
2026-01-13,14.06,46286629.334
2026-01-14,14.11,47884643.0632
2026-01-15,13.8,42424422.576000005
2026-01-16,13.73,25314864.067800004
2026-01-17,13.75,12804015.5375
2026-01-18,13.32,23195312.535600003
2026-01-19,12.88,59506140.0584
2026-01-20,12.12,31067407.0092
2026-01-21,12.4,36526230.128000006
2026-01-22,12.27,22258602.7035
2026-01-23,12.22,16758379.5678
2026-01-24,12.2,10661919.525999999
2026-01-25,11.52,33891312.8448
2026-01-26,11.95,24292853.621
2026-01-27,12.03,26136111.0543
2026-01-28,11.84,19470684.8768
2026-01-29,11.13,40358024.2044
2026-01-30,10.79,51642961.1828
2026-01-31,9.99,97137854.6103
2026-02-01,9.41,51147113.2472
2026-02-02,9.81,69992052.3999
2026-02-03,9.49,55424314.42470001
2026-02-04,9.25,49790004.785
2026-02-05,7.92,99381620.6856
2026-02-06,8.88,104153149.70400001
2026-02-07,8.91,59154456.735
2026-02-08,8.83,22396369.792600002
2026-02-09,8.83,24820957.108599998
2026-02-10,8.57,20765782.2308
2026-02-11,8.33,33431974.358999997
2026-02-12,8.41,19451454.2667
2026-02-13,8.77,20283180.3149
2026-02-14,9.09,25740224.6292
2026-02-15,8.79,27010127.354999997
2026-02-16,8.94,16963533.779999997
2026-02-17,8.82,16070444.4852
2026-02-18,8.6,15486012.088
2026-02-19,8.58,14678113.164
2026-02-20,8.95,27963774.068499997
2026-02-21,8.87,16893492.2596
2026-02-22,8.69,11386501.1777
2026-02-23,8.26,35580799.54099999
2026-02-24,8.19,21212242.7517
2026-02-25,9.27,52678314.8397
2026-02-26,9.09,30621365.0118
2026-02-27,8.71,19046442.775100004
2026-02-28,8.85,40469947.7325
2026-03-01,8.67,30843076.2408
2026-03-02,8.96,32392608.281600002
2026-03-03,8.8,21511866.024
2026-03-04,9.35,39590013.1
2026-03-05,9.21,31416147.741600003
2026-03-06,8.8,19538657.072
2026-03-07,8.7,10294841.978999998
2026-03-08,8.52,19005248.4192
2026-03-09,8.87,28632179.051999997
2026-03-10,8.99,28396156.7887
2026-03-11,8.99,25810136.9902
2026-03-12,9.05,23697467.535000004
2026-03-13,9.08,42315005.3504
2026-03-14,9.17,17210093.8744
2026-03-15,9.5,28772744.24
2026-03-16,9.92,66206540.9824
2026-03-17,9.79,37414420.8746
2026-03-18,9.22,32283536.435200002
2026-03-19,9.04,34013630.901599996
2026-03-20,9.12,25770382.905599996
2026-03-21,8.82,13591805.0436
2026-03-22,8.68,27015731.386
2026-03-23,9.11,55896192.382
2026-03-24,9.25,32918978.3475
2026-03-25,9.37,27601384.5938
2026-03-26,8.91,27176749.2711
2026-03-27,8.57,26268795.1948
2026-03-28,8.44,17729931.294399995
2026-03-29,8.42,12672495.2348
2026-03-30,8.62,25681644.528199997
2026-03-31,8.78,22117711.169999998
2026-04-01,8.94,27904743.393
2026-04-02,8.63,28661021.1121
2026-04-03,8.65,10680269.6125
2026-04-04,8.69,6659008.2206999995
2026-04-05,8.82,11858423.0562
2026-04-06,8.81,23632466.961600002
2026-04-07,9.29,47626083.8075
2026-04-08,8.85,32658538.4205
2026-04-09,8.95,34325762.265
2026-04-10,9.09,21213210.8304
2026-04-11,9.06,15819898.6608
2026-04-12,8.73,25024699.346400004
2026-04-13,9.36,35395974.3384
2026-04-14,9.02,32557076.730199996
2026-04-15,9.26,21620153.8258
2026-04-16,9.59,39149795.6703
2026-04-17,9.62,30161890.857799996
2026-04-18,9.28,24032407.555199996
2026-04-19,9.06,26840027.4864
2026-04-20,9.29,23021857.428
2026-04-21,9.4,23286588.604000002
2026-04-22,9.29,21267687.577499997
2026-04-23,9.35,21543541.074
2026-04-24,9.38,11540290.6346
2026-04-25,9.34,7781738.683999999
2026-04-26,9.48,11816334.624000002
2026-04-27,9.33,17970498.3519
2026-04-28,9.24,10375793.736
2026-04-29,9.11,17172958.183599997
2026-04-30,9.11,10975575.2253
2026-05-01,9.1,11886038.072999999
2026-05-02,9.17,11594869.2251
2026-05-03,9.13,12217297.5397
2026-05-04,9.36,57404858.7528
2026-05-05,9.76,36264588.4256
2026-05-06,9.99,48060061.23060001
2026-05-07,9.85,26095658.0915
2026-05-08,10.34,47199844.9494
2026-05-09,10.37,24963808.018399995
2026-05-10,10.72,33114512.552000005
2026-05-11,10.6,32393399.66
2026-05-12,10.28,33318613.9868
2026-05-13,10.21,46147358.62650001
2026-05-14,10.48,47838555.2672
2026-05-15,10.07,27401312.053400002
2026-05-16,9.72,25228579.9824
2026-05-17,9.57,24554853.856500003
2026-05-18,9.6,27756894.623999998
2026-05-19,9.45,19573387.816499997
2026-05-20,9.636,22901201.958359998
2026-05-21,9.757,24662310.12586
2026-05-22,9.42,30336413.1084
2026-05-23,9.565,27989210.701899998
2026-05-24,9.431,16907899.91223
2026-05-25,9.506,13751473.13904
2026-05-26,9.386,20400068.3406
2026-05-27,9.136,19831822.443679996
2026-05-28,9.004,27310912.000759996
2026-05-29,9.022,16278955.3173
2026-05-30,9.191,16637779.905110002
2026-05-31,9.148,13624632.621639999
2026-06-01,9.057,21210546.09438
2026-06-02,8.374,29688178.320820004
2026-06-03,8.334,31949540.3421
2026-06-04,8.018,53134449.80278
2026-06-05,7.366,60178384.761099994
2026-06-06,7.394,30760680.506780002
2026-06-07,7.918,25671624.15556
2026-06-08,7.998,21977063.5602
2026-06-09,7.838,19723593.206439998
2026-06-10,7.561,16037930.76924
2026-06-11,7.887,15690261.43377
2026-06-12,7.867,10048364.04143
2026-06-13,7.987,8793747.940809999
2026-06-14,8.181,10485177.17742
2026-06-15,8.3,22238031.719000004
2026-06-16,8.277,13936119.318479998
2026-06-17,8.092,16215017.607040001
2026-06-18,8.016,15585365.23344
2026-06-19,7.95,11095542.5535
2026-06-20,7.987,8793314.64606
2026-06-21,7.783,6309683.62593
2026-06-22,7.874,14267430.20524
2026-06-23,7.635,16321914.262799999
2026-06-24,7.426,22783466.21034
2026-06-25,7.248,17737859.7096
2026-06-26,7.354,16457298.774519999
2026-06-27,7.297,6521894.4174999995
2026-06-28,7.268,8742367.801239999
2026-06-29,7.38,17177274.2034
2026-06-30,7.201,14766261.00078
2026-07-01,7.358,16061842.87682
2026-07-02,7.747,21852919.42209
2026-07-03,7.975,16128245.078
2026-07-04,8.006,8934594.16368
2026-07-05,8.063,7934448.849580001
2026-07-06,8.021,15313674.270440001
2026-07-07,7.861,8768723.89841
2026-07-08,7.641,10344211.5852
2026-07-09,7.735,7857667.895350001
2026-07-10,7.97,9276207.364699999
2026-07-11,7.915,7230281.660750001
2026-07-12,7.997,7059092.40729
2026-07-13,7.889,10341778.37791
2026-07-14,8.345,15293016.457300002
2026-07-15,8.539,17570608.42036
2026-07-16,8.341,14494081.4651
2026-07-17,8.254,15701016.242259998
2026-07-18,8.35,7856467.572
2026-07-19,8.385,4334023.2039
2026-07-20,8.593,11907990.52586
2026-07-21,8.659,12764948.345660001
2026-07-22,8.63,9717289.2124
2026-07-23,8.471,7842394.95959
2026-07-24,8.341,7335993.076819999
2026-07-25,8.384,5272596.74048
2026-07-26,8.825,10109052.41425
2026-07-27,8.382,15412405.685159998
2026-07-28,8.446,10601414.977
2026-07-29,8.335,11067982.570550002
2026-07-30,8.451,9726378.01695
2026-07-31,8.171,11561616.01659
2026-08-01,8.068,7382315.2024
2026-08-02,8.384,11354678.07104
2026-08-03,8.188,8650616.432160001
2026-08-04,8.149,11344870.501029998
2026-08-05,8.162,7239181.834500001
2026-08-06,8.196,9893131.21308
2026-08-07,8.189,8116983.968640001
2026-08-08,8.306,6850567.278979999
2026-08-09,8.187,8617544.66934
2026-08-10,8.3,10203113.225000001
2026-08-11,8.779,32447400.05119
2026-08-12,8.674,18773654.91018
2026-08-13,8.887,13102686.37624
2026-08-14,8.97,16034423.7846
2026-08-15,9.47,37643545.085200004
2026-08-16,9.39,13260768.054300003
2026-08-17,9.543,14193514.8003
2026-08-18,9.538,12754273.784780001
2026-08-19,10.557,58995205.18461001
2026-08-20,10.692,34167378.1878
2026-08-21,11.99,94484000.26449999
2026-08-22,11.648,82739938.44479999
2026-08-23,11.543,51924246.96857999
2026-08-24,11.629,41267742.524119996
2026-08-25,11.291,37246092.98634
2026-08-26,11.624,23296010.83968
2026-08-27,11.919,34635619.240260005
2026-08-28,11.433,29438804.489460003
2026-08-29,11.458,14236610.48826
2026-08-30,11.144,18591248.35344
2026-08-31,11.325,33221224.987499997
2026-09-01,11.234,29704101.14872
2026-09-02,11.119,25634009.456
2026-09-03,11.833,35432072.90699
2026-09-04,11.632,32076065.05776
2026-09-05,12.049,22721036.06285
2026-09-06,13.233,54691171.99458
2026-09-07,12.748,53922720.96444
2026-09-08,12.518,27553405.35112
2026-09-09,11.804,43357499.74504
2026-09-10,11.454,21107088.381780002
2026-09-11,11.551,41503281.50762
2026-09-12,11.508,9150341.309759999
2026-09-13,11.203,12914178.820729999
2026-09-14,11.518,21451201.407220002
2026-09-15,10.887,25023713.758559998
2026-09-16,11.057,22738917.64631
2026-09-17,11.387,19860183.30288
2026-09-18,12.226,44207306.78784
2026-09-19,12.418,31687247.162899997
2026-09-20,12.521,31662853.1279
2026-09-21,13.183,61741397.06209
2026-09-22,13.046,42610155.718899995
2026-09-23,12.355,53077038.85785
2026-09-24,13.221,48356740.24155
2026-09-25,13.93,83016239.94510001
2026-09-26,14.146,44531868.00348
2026-09-27,14.024,28606538.7564
2026-09-28,15.452,133376328.57892
2026-09-29,14.607,80268560.51544
2026-09-30,14.366,58187559.67992
2026-10-01,14.386,35691384.322119996
2026-10-02,13.794,56807144.776140004
2026-10-03,14.116,21119485.701920003
2026-10-04,14.278,13850771.39952
